asset_id,entity_id,criticality,asset_type,monitoring_expected
CSE-BANK-01-AST-0001,CSE-BANK-01,medium,firewall,True
CSE-BANK-01-AST-0002,CSE-BANK-01,low,database_server,True
CSE-BANK-01-AST-0003,CSE-BANK-01,critical,firewall,True
CSE-BANK-01-AST-0004,CSE-BANK-01,low,firewall,True
CSE-BANK-01-AST-0005,CSE-BANK-01,medium,firewall,True
CSE-BANK-01-AST-0006,CSE-BANK-01,critical,workstation,True
CSE-BANK-01-AST-0007,CSE-BANK-01,high,app_server,True
CSE-BANK-01-AST-0008,CSE-BANK-01,low,firewall,True
CSE-BANK-01-AST-0009,CSE-BANK-01,low,scada_controller,True
CSE-BANK-01-AST-0010,CSE-BANK-01,medium,app_server,True
CSE-BANK-01-AST-0011,CSE-BANK-01,medium,domain_controller,True
CSE-BANK-01-AST-0012,CSE-BANK-01,critical,workstation,True
CSE-BANK-01-AST-0013,CSE-BANK-01,medium,firewall,True
CSE-BANK-01-AST-0014,CSE-BANK-01,medium,firewall,True
CSE-BANK-01-AST-0015,CSE-BANK-01,low,app_server,True
CSE-BANK-01-AST-0016,CSE-BANK-01,low,firewall,True
CSE-BANK-01-AST-0017,CSE-BANK-01,high,firewall,True
CSE-BANK-01-AST-0018,CSE-BANK-01,medium,app_server,True
CSE-BANK-01-AST-0019,CSE-BANK-01,high,database_server,True
CSE-BANK-01-AST-0020,CSE-BANK-01,medium,workstation,True
CSE-BANK-01-AST-0021,CSE-BANK-01,low,firewall,True
CSE-BANK-01-AST-0022,CSE-BANK-01,high,workstation,True
CSE-BANK-01-AST-0023,CSE-BANK-01,medium,app_server,True
CSE-BANK-01-AST-0024,CSE-BANK-01,high,app_server,True
CSE-BANK-01-AST-0025,CSE-BANK-01,medium,database_server,True
CSE-BANK-01-AST-0026,CSE-BANK-01,high,scada_controller,True
CSE-BANK-01-AST-0027,CSE-BANK-01,medium,firewall,True
CSE-BANK-01-AST-0028,CSE-BANK-01,low,scada_controller,True
CSE-BANK-01-AST-0029,CSE-BANK-01,high,firewall,True
CSE-BANK-01-AST-0030,CSE-BANK-01,low,app_server,True
CSE-BANK-01-AST-0031,CSE-BANK-01,high,firewall,True
CSE-BANK-01-AST-0032,CSE-BANK-01,high,domain_controller,True
CSE-BANK-01-AST-0033,CSE-BANK-01,critical,firewall,True
CSE-BANK-01-AST-0034,CSE-BANK-01,high,firewall,True
CSE-BANK-01-AST-0035,CSE-BANK-01,medium,database_server,True
CSE-BANK-01-AST-0036,CSE-BANK-01,medium,app_server,True
CSE-BANK-01-AST-0037,CSE-BANK-01,medium,firewall,True
CSE-BANK-01-AST-0038,CSE-BANK-01,medium,scada_controller,True
CSE-BANK-01-AST-0039,CSE-BANK-01,critical,scada_controller,True
CSE-BANK-01-AST-0040,CSE-BANK-01,critical,app_server,True
CSE-BANK-01-AST-0041,CSE-BANK-01,medium,firewall,True
CSE-BANK-01-AST-0042,CSE-BANK-01,medium,database_server,True
CSE-BANK-01-AST-0043,CSE-BANK-01,medium,firewall,True
CSE-BANK-01-AST-0044,CSE-BANK-01,medium,database_server,True
CSE-BANK-01-AST-0045,CSE-BANK-01,high,scada_controller,True
CSE-BANK-01-AST-0046,CSE-BANK-01,critical,app_server,True
CSE-BANK-01-AST-0047,CSE-BANK-01,high,app_server,True
CSE-BANK-01-AST-0048,CSE-BANK-01,medium,workstation,True
CSE-BANK-01-AST-0049,CSE-BANK-01,high,workstation,True
CSE-BANK-01-AST-0050,CSE-BANK-01,critical,workstation,True
CSE-BANK-01-AST-0051,CSE-BANK-01,high,domain_controller,True
CSE-BANK-01-AST-0052,CSE-BANK-01,medium,database_server,True
CSE-BANK-01-AST-0053,CSE-BANK-01,medium,scada_controller,True
CSE-BANK-01-AST-0054,CSE-BANK-01,medium,app_server,True
CSE-BANK-01-AST-0055,CSE-BANK-01,low,app_server,True
CSE-BANK-01-AST-0056,CSE-BANK-01,high,app_server,True
CSE-BANK-01-AST-0057,CSE-BANK-01,critical,database_server,True
CSE-BANK-01-AST-0058,CSE-BANK-01,medium,firewall,True
CSE-BANK-01-AST-0059,CSE-BANK-01,high,app_server,True
CSE-BANK-01-AST-0060,CSE-BANK-01,medium,workstation,True
CSE-BANK-01-AST-0061,CSE-BANK-01,medium,database_server,True
CSE-BANK-01-AST-0062,CSE-BANK-01,medium,database_server,True
CSE-BANK-01-AST-0063,CSE-BANK-01,high,app_server,True
CSE-BANK-01-AST-0064,CSE-BANK-01,medium,scada_controller,True
CSE-BANK-01-AST-0065,CSE-BANK-01,critical,app_server,True
CSE-BANK-01-AST-0066,CSE-BANK-01,critical,app_server,True
CSE-BANK-01-AST-0067,CSE-BANK-01,low,workstation,True
CSE-BANK-01-AST-0068,CSE-BANK-01,medium,app_server,True
CSE-BANK-01-AST-0069,CSE-BANK-01,low,domain_controller,True
CSE-BANK-01-AST-0070,CSE-BANK-01,medium,domain_controller,True
CSE-BANK-01-AST-0071,CSE-BANK-01,medium,firewall,True
CSE-BANK-01-AST-0072,CSE-BANK-01,high,database_server,True
CSE-BANK-01-AST-0073,CSE-BANK-01,low,database_server,True
CSE-BANK-01-AST-0074,CSE-BANK-01,medium,firewall,True
CSE-BANK-01-AST-0075,CSE-BANK-01,high,domain_controller,True
CSE-BANK-01-AST-0076,CSE-BANK-01,medium,scada_controller,True
CSE-BANK-01-AST-0077,CSE-BANK-01,low,domain_controller,True
CSE-BANK-01-AST-0078,CSE-BANK-01,medium,app_server,True
CSE-BANK-01-AST-0079,CSE-BANK-01,medium,firewall,True
CSE-BANK-01-AST-0080,CSE-BANK-01,medium,database_server,True
CSE-BANK-01-AST-0081,CSE-BANK-01,medium,scada_controller,True
CSE-BANK-01-AST-0082,CSE-BANK-01,critical,firewall,True
CSE-BANK-01-AST-0083,CSE-BANK-01,critical,app_server,True
CSE-BANK-01-AST-0084,CSE-BANK-01,medium,domain_controller,True
CSE-BANK-01-AST-0085,CSE-BANK-01,critical,domain_controller,True
CSE-BANK-01-AST-0086,CSE-BANK-01,critical,domain_controller,True
CSE-BANK-01-AST-0087,CSE-BANK-01,high,scada_controller,True
CSE-BANK-01-AST-0088,CSE-BANK-01,low,workstation,True
CSE-BANK-01-AST-0089,CSE-BANK-01,high,scada_controller,True
CSE-BANK-01-AST-0090,CSE-BANK-01,medium,domain_controller,True
CSE-BANK-01-AST-0091,CSE-BANK-01,low,database_server,True
CSE-BANK-01-AST-0092,CSE-BANK-01,medium,app_server,True
CSE-BANK-01-AST-0093,CSE-BANK-01,critical,firewall,True
CSE-BANK-01-AST-0094,CSE-BANK-01,medium,firewall,True
CSE-BANK-01-AST-0095,CSE-BANK-01,low,app_server,True
CSE-BANK-01-AST-0096,CSE-BANK-01,medium,scada_controller,True
CSE-BANK-01-AST-0097,CSE-BANK-01,high,app_server,True
CSE-BANK-01-AST-0098,CSE-BANK-01,high,scada_controller,True
CSE-BANK-01-AST-0099,CSE-BANK-01,medium,scada_controller,True
CSE-BANK-01-AST-0100,CSE-BANK-01,critical,app_server,True
CSE-BANK-01-AST-0101,CSE-BANK-01,low,firewall,True
CSE-BANK-01-AST-0102,CSE-BANK-01,critical,domain_controller,True
CSE-BANK-01-AST-0103,CSE-BANK-01,critical,scada_controller,True
CSE-BANK-01-AST-0104,CSE-BANK-01,medium,database_server,True
CSE-BANK-01-AST-0105,CSE-BANK-01,medium,domain_controller,True
CSE-BANK-01-AST-0106,CSE-BANK-01,medium,workstation,True
CSE-BANK-01-AST-0107,CSE-BANK-01,critical,firewall,True
CSE-BANK-01-AST-0108,CSE-BANK-01,low,workstation,True
CSE-BANK-01-AST-0109,CSE-BANK-01,critical,domain_controller,True
CSE-BANK-01-AST-0110,CSE-BANK-01,medium,scada_controller,True
CSE-BANK-01-AST-0111,CSE-BANK-01,low,app_server,True
CSE-BANK-01-AST-0112,CSE-BANK-01,low,workstation,True
CSE-BANK-01-AST-0113,CSE-BANK-01,low,domain_controller,True
CSE-BANK-01-AST-0114,CSE-BANK-01,high,scada_controller,True
CSE-BANK-01-AST-0115,CSE-BANK-01,high,scada_controller,True
CSE-BANK-01-AST-0116,CSE-BANK-01,low,domain_controller,True
CSE-BANK-01-AST-0117,CSE-BANK-01,critical,database_server,True
CSE-BANK-01-AST-0118,CSE-BANK-01,medium,workstation,True
CSE-BANK-01-AST-0119,CSE-BANK-01,low,workstation,True
CSE-BANK-01-AST-0120,CSE-BANK-01,medium,workstation,True
CSE-BANK-01-AST-0121,CSE-BANK-01,low,workstation,True
CSE-BANK-01-AST-0122,CSE-BANK-01,medium,app_server,True
CSE-BANK-01-AST-0123,CSE-BANK-01,medium,domain_controller,True
CSE-BANK-01-AST-0124,CSE-BANK-01,medium,app_server,True
CSE-BANK-01-AST-0125,CSE-BANK-01,critical,app_server,True
CSE-BANK-01-AST-0126,CSE-BANK-01,medium,app_server,True
CSE-BANK-01-AST-0127,CSE-BANK-01,low,domain_controller,True
CSE-BANK-01-AST-0128,CSE-BANK-01,high,database_server,True
CSE-BANK-01-AST-0129,CSE-BANK-01,low,database_server,True
CSE-BANK-01-AST-0130,CSE-BANK-01,high,firewall,True
CSE-BANK-01-AST-0131,CSE-BANK-01,medium,domain_controller,True
CSE-BANK-01-AST-0132,CSE-BANK-01,low,database_server,True
CSE-BANK-01-AST-0133,CSE-BANK-01,high,domain_controller,True
CSE-BANK-01-AST-0134,CSE-BANK-01,medium,domain_controller,True
CSE-BANK-01-AST-0135,CSE-BANK-01,medium,workstation,True
CSE-BANK-01-AST-0136,CSE-BANK-01,critical,workstation,True
CSE-BANK-01-AST-0137,CSE-BANK-01,high,database_server,True
CSE-BANK-01-AST-0138,CSE-BANK-01,critical,database_server,True
CSE-BANK-01-AST-0139,CSE-BANK-01,critical,firewall,True
CSE-BANK-01-AST-0140,CSE-BANK-01,medium,workstation,True
CSE-BANK-01-AST-0141,CSE-BANK-01,medium,firewall,True
CSE-BANK-01-AST-0142,CSE-BANK-01,high,workstation,True
CSE-BANK-01-AST-0143,CSE-BANK-01,medium,firewall,True
CSE-BANK-01-AST-0144,CSE-BANK-01,medium,firewall,True
CSE-BANK-01-AST-0145,CSE-BANK-01,critical,database_server,True
CSE-BANK-01-AST-0146,CSE-BANK-01,low,database_server,True
CSE-BANK-01-AST-0147,CSE-BANK-01,high,app_server,True
CSE-BANK-01-AST-0148,CSE-BANK-01,medium,scada_controller,True
CSE-BANK-01-AST-0149,CSE-BANK-01,low,scada_controller,True
CSE-BANK-01-AST-0150,CSE-BANK-01,high,workstation,True
CSE-BANK-01-AST-0151,CSE-BANK-01,critical,workstation,True
CSE-BANK-01-AST-0152,CSE-BANK-01,medium,database_server,True
CSE-BANK-01-AST-0153,CSE-BANK-01,critical,scada_controller,True
CSE-BANK-01-AST-0154,CSE-BANK-01,critical,firewall,True
CSE-BANK-02-AST-0001,CSE-BANK-02,low,database_server,True
CSE-BANK-02-AST-0002,CSE-BANK-02,low,scada_controller,True
CSE-BANK-02-AST-0003,CSE-BANK-02,low,app_server,True
CSE-BANK-02-AST-0004,CSE-BANK-02,medium,app_server,True
CSE-BANK-02-AST-0005,CSE-BANK-02,critical,scada_controller,True
CSE-BANK-02-AST-0006,CSE-BANK-02,low,database_server,True
CSE-BANK-02-AST-0007,CSE-BANK-02,medium,app_server,True
CSE-BANK-02-AST-0008,CSE-BANK-02,medium,domain_controller,True
CSE-BANK-02-AST-0009,CSE-BANK-02,medium,workstation,True
CSE-BANK-02-AST-0010,CSE-BANK-02,medium,workstation,True
CSE-BANK-02-AST-0011,CSE-BANK-02,medium,database_server,True
CSE-BANK-02-AST-0012,CSE-BANK-02,medium,app_server,True
CSE-BANK-02-AST-0013,CSE-BANK-02,medium,workstation,True
CSE-BANK-02-AST-0014,CSE-BANK-02,medium,workstation,True
CSE-BANK-02-AST-0015,CSE-BANK-02,high,domain_controller,True
CSE-BANK-02-AST-0016,CSE-BANK-02,medium,domain_controller,True
CSE-BANK-02-AST-0017,CSE-BANK-02,low,workstation,True
CSE-BANK-02-AST-0018,CSE-BANK-02,critical,database_server,True
CSE-BANK-02-AST-0019,CSE-BANK-02,medium,app_server,True
CSE-BANK-02-AST-0020,CSE-BANK-02,low,database_server,True
CSE-BANK-02-AST-0021,CSE-BANK-02,high,workstation,True
CSE-BANK-02-AST-0022,CSE-BANK-02,low,database_server,True
CSE-BANK-02-AST-0023,CSE-BANK-02,high,database_server,True
CSE-BANK-02-AST-0024,CSE-BANK-02,high,domain_controller,True
CSE-BANK-02-AST-0025,CSE-BANK-02,critical,scada_controller,True
CSE-BANK-02-AST-0026,CSE-BANK-02,critical,database_server,True
CSE-BANK-02-AST-0027,CSE-BANK-02,high,firewall,True
CSE-BANK-02-AST-0028,CSE-BANK-02,medium,database_server,True
CSE-BANK-02-AST-0029,CSE-BANK-02,medium,firewall,True
CSE-BANK-02-AST-0030,CSE-BANK-02,high,app_server,True
CSE-BANK-02-AST-0031,CSE-BANK-02,medium,firewall,True
CSE-BANK-02-AST-0032,CSE-BANK-02,low,workstation,True
CSE-BANK-02-AST-0033,CSE-BANK-02,critical,app_server,True
CSE-BANK-02-AST-0034,CSE-BANK-02,high,domain_controller,True
CSE-BANK-02-AST-0035,CSE-BANK-02,high,scada_controller,True
CSE-BANK-02-AST-0036,CSE-BANK-02,medium,scada_controller,True
CSE-BANK-02-AST-0037,CSE-BANK-02,critical,database_server,True
CSE-BANK-02-AST-0038,CSE-BANK-02,medium,app_server,True
CSE-BANK-02-AST-0039,CSE-BANK-02,critical,database_server,True
CSE-BANK-02-AST-0040,CSE-BANK-02,critical,workstation,True
CSE-BANK-02-AST-0041,CSE-BANK-02,low,firewall,True
CSE-BANK-02-AST-0042,CSE-BANK-02,low,database_server,True
CSE-BANK-02-AST-0043,CSE-BANK-02,low,domain_controller,True
CSE-BANK-02-AST-0044,CSE-BANK-02,low,workstation,True
CSE-BANK-02-AST-0045,CSE-BANK-02,medium,scada_controller,True
CSE-BANK-02-AST-0046,CSE-BANK-02,medium,scada_controller,True
CSE-BANK-02-AST-0047,CSE-BANK-02,critical,firewall,True
CSE-BANK-02-AST-0048,CSE-BANK-02,medium,scada_controller,True
CSE-BANK-02-AST-0049,CSE-BANK-02,low,workstation,True
CSE-BANK-02-AST-0050,CSE-BANK-02,high,app_server,True
CSE-BANK-02-AST-0051,CSE-BANK-02,medium,domain_controller,True
CSE-BANK-02-AST-0052,CSE-BANK-02,critical,domain_controller,True
CSE-BANK-02-AST-0053,CSE-BANK-02,medium,database_server,True
CSE-BANK-02-AST-0054,CSE-BANK-02,high,app_server,True
CSE-BANK-02-AST-0055,CSE-BANK-02,high,scada_controller,True
CSE-BANK-02-AST-0056,CSE-BANK-02,high,app_server,True
CSE-BANK-02-AST-0057,CSE-BANK-02,high,domain_controller,True
CSE-BANK-02-AST-0058,CSE-BANK-02,high,firewall,True
CSE-BANK-02-AST-0059,CSE-BANK-02,low,firewall,True
CSE-BANK-02-AST-0060,CSE-BANK-02,medium,workstation,True
CSE-BANK-02-AST-0061,CSE-BANK-02,high,app_server,True
CSE-BANK-02-AST-0062,CSE-BANK-02,low,scada_controller,True
CSE-BANK-02-AST-0063,CSE-BANK-02,medium,domain_controller,True
CSE-BANK-02-AST-0064,CSE-BANK-02,medium,firewall,True
CSE-BANK-02-AST-0065,CSE-BANK-02,medium,database_server,True
CSE-BANK-02-AST-0066,CSE-BANK-02,medium,domain_controller,True
CSE-BANK-02-AST-0067,CSE-BANK-02,high,scada_controller,True
CSE-BANK-02-AST-0068,CSE-BANK-02,low,firewall,True
CSE-BANK-02-AST-0069,CSE-BANK-02,critical,workstation,True
CSE-BANK-02-AST-0070,CSE-BANK-02,critical,scada_controller,True
CSE-BANK-02-AST-0071,CSE-BANK-02,medium,scada_controller,True
CSE-BANK-02-AST-0072,CSE-BANK-02,low,database_server,True
CSE-BANK-02-AST-0073,CSE-BANK-02,critical,workstation,True
CSE-BANK-02-AST-0074,CSE-BANK-02,low,workstation,True
CSE-BANK-02-AST-0075,CSE-BANK-02,medium,app_server,True
CSE-BANK-02-AST-0076,CSE-BANK-02,medium,firewall,True
CSE-BANK-02-AST-0077,CSE-BANK-02,low,database_server,True
CSE-BANK-02-AST-0078,CSE-BANK-02,medium,domain_controller,True
CSE-BANK-02-AST-0079,CSE-BANK-02,critical,scada_controller,True
CSE-BANK-02-AST-0080,CSE-BANK-02,high,scada_controller,True
CSE-BANK-02-AST-0081,CSE-BANK-02,medium,database_server,True
CSE-BANK-02-AST-0082,CSE-BANK-02,medium,scada_controller,True
CSE-BANK-02-AST-0083,CSE-BANK-02,medium,firewall,True
CSE-BANK-02-AST-0084,CSE-BANK-02,medium,firewall,True
CSE-BANK-02-AST-0085,CSE-BANK-02,medium,domain_controller,True
CSE-BANK-02-AST-0086,CSE-BANK-02,low,scada_controller,True
CSE-BANK-02-AST-0087,CSE-BANK-02,critical,firewall,True
CSE-BANK-02-AST-0088,CSE-BANK-02,critical,database_server,True
CSE-BANK-02-AST-0089,CSE-BANK-02,medium,firewall,True
CSE-BANK-02-AST-0090,CSE-BANK-02,medium,app_server,True
CSE-BANK-02-AST-0091,CSE-BANK-02,medium,firewall,True
CSE-BANK-02-AST-0092,CSE-BANK-02,low,app_server,True
CSE-BANK-02-AST-0093,CSE-BANK-02,medium,scada_controller,True
CSE-BANK-02-AST-0094,CSE-BANK-02,high,domain_controller,True
CSE-BANK-02-AST-0095,CSE-BANK-02,high,domain_controller,True
CSE-BANK-02-AST-0096,CSE-BANK-02,critical,database_server,True
CSE-BANK-02-AST-0097,CSE-BANK-02,low,scada_controller,True
CSE-BANK-02-AST-0098,CSE-BANK-02,high,app_server,True
CSE-BANK-02-AST-0099,CSE-BANK-02,medium,domain_controller,True
CSE-BANK-02-AST-0100,CSE-BANK-02,low,scada_controller,True
CSE-BANK-02-AST-0101,CSE-BANK-02,medium,scada_controller,True
CSE-BANK-02-AST-0102,CSE-BANK-02,high,app_server,True
CSE-BANK-02-AST-0103,CSE-BANK-02,low,database_server,True
CSE-BANK-02-AST-0104,CSE-BANK-02,low,firewall,True
CSE-BANK-02-AST-0105,CSE-BANK-02,critical,domain_controller,True
CSE-BANK-02-AST-0106,CSE-BANK-02,medium,workstation,True
CSE-BANK-02-AST-0107,CSE-BANK-02,critical,app_server,True
CSE-BANK-02-AST-0108,CSE-BANK-02,medium,scada_controller,True
CSE-BANK-02-AST-0109,CSE-BANK-02,critical,database_server,True
CSE-BANK-02-AST-0110,CSE-BANK-02,low,app_server,True
CSE-BANK-02-AST-0111,CSE-BANK-02,high,workstation,True
CSE-BANK-02-AST-0112,CSE-BANK-02,medium,app_server,True
CSE-BANK-02-AST-0113,CSE-BANK-02,high,scada_controller,True
CSE-BANK-02-AST-0114,CSE-BANK-02,medium,workstation,True
CSE-BANK-02-AST-0115,CSE-BANK-02,critical,app_server,True
CSE-BANK-02-AST-0116,CSE-BANK-02,low,workstation,True
CSE-BANK-02-AST-0117,CSE-BANK-02,high,firewall,True
CSE-BANK-02-AST-0118,CSE-BANK-02,critical,workstation,True
CSE-BANK-02-AST-0119,CSE-BANK-02,low,database_server,True
CSE-BANK-02-AST-0120,CSE-BANK-02,medium,scada_controller,True
CSE-BANK-02-AST-0121,CSE-BANK-02,critical,firewall,True
CSE-BANK-02-AST-0122,CSE-BANK-02,critical,workstation,True
CSE-BANK-02-AST-0123,CSE-BANK-02,high,app_server,True
CSE-BANK-02-AST-0124,CSE-BANK-02,medium,database_server,True
CSE-BANK-02-AST-0125,CSE-BANK-02,high,database_server,True
CSE-BANK-02-AST-0126,CSE-BANK-02,medium,workstation,True
CSE-BANK-02-AST-0127,CSE-BANK-02,critical,database_server,True
CSE-BANK-02-AST-0128,CSE-BANK-02,critical,database_server,True
CSE-BANK-02-AST-0129,CSE-BANK-02,medium,workstation,True
CSE-BANK-02-AST-0130,CSE-BANK-02,high,firewall,True
CSE-BANK-02-AST-0131,CSE-BANK-02,low,domain_controller,True
CSE-BANK-02-AST-0132,CSE-BANK-02,low,database_server,True
CSE-BANK-02-AST-0133,CSE-BANK-02,low,database_server,True
CSE-BANK-02-AST-0134,CSE-BANK-02,medium,firewall,True
CSE-BANK-02-AST-0135,CSE-BANK-02,low,app_server,True
CSE-BANK-02-AST-0136,CSE-BANK-02,high,database_server,True
CSE-BANK-02-AST-0137,CSE-BANK-02,critical,firewall,True
CSE-BANK-02-AST-0138,CSE-BANK-02,medium,scada_controller,True
CSE-BANK-02-AST-0139,CSE-BANK-02,medium,database_server,True
CSE-BANK-02-AST-0140,CSE-BANK-02,high,workstation,True
CSE-BANK-02-AST-0141,CSE-BANK-02,medium,database_server,True
CSE-BANK-02-AST-0142,CSE-BANK-02,high,domain_controller,True
CSE-BANK-02-AST-0143,CSE-BANK-02,medium,scada_controller,True
CSE-BANK-02-AST-0144,CSE-BANK-02,medium,workstation,True
CSE-BANK-02-AST-0145,CSE-BANK-02,critical,database_server,True
CSE-BANK-02-AST-0146,CSE-BANK-02,critical,scada_controller,True
CSE-BANK-02-AST-0147,CSE-BANK-02,low,app_server,True
CSE-BANK-02-AST-0148,CSE-BANK-02,high,firewall,True
CSE-BANK-02-AST-0149,CSE-BANK-02,critical,firewall,True
CSE-BANK-02-AST-0150,CSE-BANK-02,low,domain_controller,True
CSE-BANK-02-AST-0151,CSE-BANK-02,medium,scada_controller,True
CSE-BANK-02-AST-0152,CSE-BANK-02,medium,firewall,True
CSE-BANK-02-AST-0153,CSE-BANK-02,medium,app_server,True
CSE-BANK-02-AST-0154,CSE-BANK-02,low,database_server,True
CSE-BANK-02-AST-0155,CSE-BANK-02,high,app_server,True
CSE-BANK-02-AST-0156,CSE-BANK-02,medium,scada_controller,True
CSE-BANK-02-AST-0157,CSE-BANK-02,medium,app_server,True
CSE-BANK-02-AST-0158,CSE-BANK-02,critical,workstation,True
CSE-BANK-02-AST-0159,CSE-BANK-02,medium,firewall,True
CSE-BANK-02-AST-0160,CSE-BANK-02,medium,app_server,True
CSE-BANK-02-AST-0161,CSE-BANK-02,critical,workstation,True
CSE-BANK-02-AST-0162,CSE-BANK-02,high,database_server,True
CSE-BANK-02-AST-0163,CSE-BANK-02,high,scada_controller,True
CSE-BANK-02-AST-0164,CSE-BANK-02,medium,app_server,True
CSE-BANK-02-AST-0165,CSE-BANK-02,medium,workstation,True
CSE-BANK-02-AST-0166,CSE-BANK-02,medium,app_server,True
CSE-BANK-02-AST-0167,CSE-BANK-02,high,workstation,True
CSE-BANK-02-AST-0168,CSE-BANK-02,high,scada_controller,True
CSE-BANK-02-AST-0169,CSE-BANK-02,critical,domain_controller,True
CSE-BANK-02-AST-0170,CSE-BANK-02,medium,app_server,True
CSE-BANK-03-AST-0001,CSE-BANK-03,medium,domain_controller,True
CSE-BANK-03-AST-0002,CSE-BANK-03,medium,scada_controller,True
CSE-BANK-03-AST-0003,CSE-BANK-03,medium,firewall,True
CSE-BANK-03-AST-0004,CSE-BANK-03,medium,scada_controller,True
CSE-BANK-03-AST-0005,CSE-BANK-03,medium,domain_controller,True
CSE-BANK-03-AST-0006,CSE-BANK-03,medium,domain_controller,True
CSE-BANK-03-AST-0007,CSE-BANK-03,medium,app_server,True
CSE-BANK-03-AST-0008,CSE-BANK-03,high,workstation,True
CSE-BANK-03-AST-0009,CSE-BANK-03,medium,scada_controller,True
CSE-BANK-03-AST-0010,CSE-BANK-03,low,database_server,True
CSE-BANK-03-AST-0011,CSE-BANK-03,medium,workstation,True
CSE-BANK-03-AST-0012,CSE-BANK-03,medium,domain_controller,True
CSE-BANK-03-AST-0013,CSE-BANK-03,high,firewall,True
CSE-BANK-03-AST-0014,CSE-BANK-03,low,app_server,True
CSE-BANK-03-AST-0015,CSE-BANK-03,critical,app_server,True
CSE-BANK-03-AST-0016,CSE-BANK-03,critical,workstation,True
CSE-BANK-03-AST-0017,CSE-BANK-03,critical,workstation,True
CSE-BANK-03-AST-0018,CSE-BANK-03,high,scada_controller,True
CSE-BANK-03-AST-0019,CSE-BANK-03,high,app_server,True
CSE-BANK-03-AST-0020,CSE-BANK-03,high,database_server,True
CSE-BANK-03-AST-0021,CSE-BANK-03,critical,firewall,True
CSE-BANK-03-AST-0022,CSE-BANK-03,low,firewall,True
CSE-BANK-03-AST-0023,CSE-BANK-03,high,workstation,True
CSE-BANK-03-AST-0024,CSE-BANK-03,high,domain_controller,True
CSE-BANK-03-AST-0025,CSE-BANK-03,critical,scada_controller,True
CSE-BANK-03-AST-0026,CSE-BANK-03,high,scada_controller,True
CSE-BANK-03-AST-0027,CSE-BANK-03,low,workstation,True
CSE-BANK-03-AST-0028,CSE-BANK-03,medium,app_server,True
CSE-BANK-03-AST-0029,CSE-BANK-03,medium,domain_controller,True
CSE-BANK-03-AST-0030,CSE-BANK-03,medium,firewall,True
CSE-BANK-03-AST-0031,CSE-BANK-03,medium,app_server,True
CSE-BANK-03-AST-0032,CSE-BANK-03,critical,firewall,True
CSE-BANK-03-AST-0033,CSE-BANK-03,medium,domain_controller,True
CSE-BANK-03-AST-0034,CSE-BANK-03,high,firewall,True
CSE-BANK-03-AST-0035,CSE-BANK-03,low,database_server,True
CSE-BANK-03-AST-0036,CSE-BANK-03,low,workstation,True
CSE-BANK-03-AST-0037,CSE-BANK-03,low,scada_controller,True
CSE-BANK-03-AST-0038,CSE-BANK-03,low,scada_controller,True
CSE-BANK-03-AST-0039,CSE-BANK-03,medium,database_server,True
CSE-BANK-03-AST-0040,CSE-BANK-03,high,domain_controller,True
CSE-BANK-03-AST-0041,CSE-BANK-03,medium,database_server,True
CSE-BANK-03-AST-0042,CSE-BANK-03,medium,app_server,True
CSE-BANK-03-AST-0043,CSE-BANK-03,high,app_server,True
CSE-BANK-03-AST-0044,CSE-BANK-03,high,domain_controller,True
CSE-BANK-03-AST-0045,CSE-BANK-03,critical,workstation,True
CSE-BANK-03-AST-0046,CSE-BANK-03,high,domain_controller,True
CSE-BANK-03-AST-0047,CSE-BANK-03,medium,domain_controller,True
CSE-BANK-03-AST-0048,CSE-BANK-03,medium,firewall,True
CSE-BANK-03-AST-0049,CSE-BANK-03,critical,app_server,True
CSE-BANK-03-AST-0050,CSE-BANK-03,high,workstation,True
CSE-BANK-03-AST-0051,CSE-BANK-03,medium,workstation,True
CSE-BANK-03-AST-0052,CSE-BANK-03,medium,app_server,True
CSE-BANK-03-AST-0053,CSE-BANK-03,medium,firewall,True
CSE-BANK-03-AST-0054,CSE-BANK-03,critical,firewall,True
CSE-BANK-03-AST-0055,CSE-BANK-03,medium,app_server,True
CSE-BANK-03-AST-0056,CSE-BANK-03,high,workstation,True
CSE-BANK-03-AST-0057,CSE-BANK-03,medium,workstation,True
CSE-BANK-03-AST-0058,CSE-BANK-03,medium,firewall,True
CSE-BANK-03-AST-0059,CSE-BANK-03,medium,workstation,True
CSE-BANK-03-AST-0060,CSE-BANK-03,low,domain_controller,True
CSE-BANK-03-AST-0061,CSE-BANK-03,low,scada_controller,True
CSE-BANK-03-AST-0062,CSE-BANK-03,high,scada_controller,True
CSE-BANK-03-AST-0063,CSE-BANK-03,medium,app_server,True
CSE-BANK-03-AST-0064,CSE-BANK-03,critical,database_server,True
CSE-BANK-03-AST-0065,CSE-BANK-03,low,app_server,True
CSE-BANK-03-AST-0066,CSE-BANK-03,medium,app_server,True
CSE-BANK-03-AST-0067,CSE-BANK-03,high,domain_controller,True
CSE-BANK-03-AST-0068,CSE-BANK-03,high,domain_controller,True
CSE-BANK-03-AST-0069,CSE-BANK-03,low,database_server,True
CSE-BANK-03-AST-0070,CSE-BANK-03,medium,app_server,True
CSE-BANK-03-AST-0071,CSE-BANK-03,medium,domain_controller,True
CSE-BANK-03-AST-0072,CSE-BANK-03,critical,app_server,True
CSE-BANK-03-AST-0073,CSE-BANK-03,medium,domain_controller,True
CSE-BANK-03-AST-0074,CSE-BANK-03,medium,firewall,True
CSE-BANK-03-AST-0075,CSE-BANK-03,medium,workstation,True
CSE-BANK-03-AST-0076,CSE-BANK-03,medium,workstation,True
CSE-BANK-03-AST-0077,CSE-BANK-03,low,firewall,True
CSE-BANK-03-AST-0078,CSE-BANK-03,medium,domain_controller,True
CSE-BANK-03-AST-0079,CSE-BANK-03,medium,workstation,True
CSE-BANK-03-AST-0080,CSE-BANK-03,low,database_server,True
CSE-BANK-03-AST-0081,CSE-BANK-03,medium,database_server,True
CSE-BANK-03-AST-0082,CSE-BANK-03,medium,scada_controller,True
CSE-BANK-03-AST-0083,CSE-BANK-03,medium,scada_controller,True
CSE-BANK-03-AST-0084,CSE-BANK-03,low,database_server,True
CSE-BANK-03-AST-0085,CSE-BANK-03,high,workstation,True
CSE-BANK-04-AST-0001,CSE-BANK-04,medium,firewall,True
CSE-BANK-04-AST-0002,CSE-BANK-04,high,database_server,True
CSE-BANK-04-AST-0003,CSE-BANK-04,critical,database_server,True
CSE-BANK-04-AST-0004,CSE-BANK-04,medium,workstation,True
CSE-BANK-04-AST-0005,CSE-BANK-04,low,app_server,True
CSE-BANK-04-AST-0006,CSE-BANK-04,medium,domain_controller,True
CSE-BANK-04-AST-0007,CSE-BANK-04,medium,workstation,True
CSE-BANK-04-AST-0008,CSE-BANK-04,medium,scada_controller,True
CSE-BANK-04-AST-0009,CSE-BANK-04,medium,database_server,True
CSE-BANK-04-AST-0010,CSE-BANK-04,low,domain_controller,True
CSE-BANK-04-AST-0011,CSE-BANK-04,low,workstation,True
CSE-BANK-04-AST-0012,CSE-BANK-04,critical,database_server,True
CSE-BANK-04-AST-0013,CSE-BANK-04,critical,app_server,True
CSE-BANK-04-AST-0014,CSE-BANK-04,critical,workstation,True
CSE-BANK-04-AST-0015,CSE-BANK-04,medium,firewall,True
CSE-BANK-04-AST-0016,CSE-BANK-04,medium,database_server,True
CSE-BANK-04-AST-0017,CSE-BANK-04,medium,workstation,True
CSE-BANK-04-AST-0018,CSE-BANK-04,low,app_server,True
CSE-BANK-04-AST-0019,CSE-BANK-04,high,database_server,True
CSE-BANK-04-AST-0020,CSE-BANK-04,medium,domain_controller,True
CSE-BANK-04-AST-0021,CSE-BANK-04,critical,workstation,True
CSE-BANK-04-AST-0022,CSE-BANK-04,medium,domain_controller,True
CSE-BANK-04-AST-0023,CSE-BANK-04,critical,firewall,True
CSE-BANK-04-AST-0024,CSE-BANK-04,medium,firewall,True
CSE-BANK-04-AST-0025,CSE-BANK-04,medium,workstation,True
CSE-BANK-04-AST-0026,CSE-BANK-04,high,app_server,True
CSE-BANK-04-AST-0027,CSE-BANK-04,high,workstation,True
CSE-BANK-04-AST-0028,CSE-BANK-04,low,workstation,True
CSE-BANK-04-AST-0029,CSE-BANK-04,medium,domain_controller,True
CSE-BANK-04-AST-0030,CSE-BANK-04,high,database_server,True
CSE-BANK-04-AST-0031,CSE-BANK-04,low,domain_controller,True
CSE-BANK-04-AST-0032,CSE-BANK-04,high,firewall,True
CSE-BANK-04-AST-0033,CSE-BANK-04,high,database_server,True
CSE-BANK-04-AST-0034,CSE-BANK-04,medium,app_server,True
CSE-BANK-04-AST-0035,CSE-BANK-04,low,firewall,True
CSE-BANK-04-AST-0036,CSE-BANK-04,high,firewall,True
CSE-BANK-04-AST-0037,CSE-BANK-04,critical,app_server,True
CSE-BANK-04-AST-0038,CSE-BANK-04,medium,domain_controller,True
CSE-BANK-04-AST-0039,CSE-BANK-04,medium,workstation,True
CSE-BANK-04-AST-0040,CSE-BANK-04,medium,database_server,True
CSE-BANK-04-AST-0041,CSE-BANK-04,low,app_server,True
CSE-BANK-04-AST-0042,CSE-BANK-04,medium,app_server,True
CSE-BANK-04-AST-0043,CSE-BANK-04,high,database_server,True
CSE-BANK-04-AST-0044,CSE-BANK-04,critical,app_server,True
CSE-BANK-04-AST-0045,CSE-BANK-04,critical,domain_controller,True
CSE-BANK-04-AST-0046,CSE-BANK-04,medium,workstation,True
CSE-BANK-04-AST-0047,CSE-BANK-04,high,scada_controller,True
CSE-BANK-04-AST-0048,CSE-BANK-04,medium,workstation,True
CSE-BANK-04-AST-0049,CSE-BANK-04,medium,workstation,True
CSE-BANK-04-AST-0050,CSE-BANK-04,medium,workstation,True
CSE-BANK-04-AST-0051,CSE-BANK-04,low,domain_controller,True
CSE-BANK-04-AST-0052,CSE-BANK-04,high,scada_controller,True
CSE-BANK-04-AST-0053,CSE-BANK-04,low,domain_controller,True
CSE-BANK-04-AST-0054,CSE-BANK-04,medium,workstation,True
CSE-BANK-04-AST-0055,CSE-BANK-04,medium,firewall,True
CSE-BANK-04-AST-0056,CSE-BANK-04,medium,database_server,True
CSE-ENGY-01-AST-0001,CSE-ENGY-01,high,domain_controller,True
CSE-ENGY-01-AST-0002,CSE-ENGY-01,high,domain_controller,True
CSE-ENGY-01-AST-0003,CSE-ENGY-01,low,database_server,True
CSE-ENGY-01-AST-0004,CSE-ENGY-01,medium,domain_controller,True
CSE-ENGY-01-AST-0005,CSE-ENGY-01,medium,scada_controller,True
CSE-ENGY-01-AST-0006,CSE-ENGY-01,medium,firewall,True
CSE-ENGY-01-AST-0007,CSE-ENGY-01,medium,workstation,True
CSE-ENGY-01-AST-0008,CSE-ENGY-01,medium,workstation,True
CSE-ENGY-01-AST-0009,CSE-ENGY-01,low,firewall,True
CSE-ENGY-01-AST-0010,CSE-ENGY-01,medium,workstation,True
CSE-ENGY-01-AST-0011,CSE-ENGY-01,high,domain_controller,True
CSE-ENGY-01-AST-0012,CSE-ENGY-01,critical,scada_controller,True
CSE-ENGY-01-AST-0013,CSE-ENGY-01,medium,domain_controller,True
CSE-ENGY-01-AST-0014,CSE-ENGY-01,medium,workstation,True
CSE-ENGY-01-AST-0015,CSE-ENGY-01,medium,database_server,True
CSE-ENGY-01-AST-0016,CSE-ENGY-01,low,database_server,True
CSE-ENGY-01-AST-0017,CSE-ENGY-01,critical,domain_controller,True
CSE-ENGY-01-AST-0018,CSE-ENGY-01,high,database_server,True
CSE-ENGY-01-AST-0019,CSE-ENGY-01,critical,workstation,True
CSE-ENGY-01-AST-0020,CSE-ENGY-01,medium,app_server,True
CSE-ENGY-01-AST-0021,CSE-ENGY-01,high,database_server,True
CSE-ENGY-01-AST-0022,CSE-ENGY-01,critical,database_server,True
CSE-ENGY-01-AST-0023,CSE-ENGY-01,high,firewall,True
CSE-ENGY-01-AST-0024,CSE-ENGY-01,medium,database_server,True
CSE-ENGY-01-AST-0025,CSE-ENGY-01,high,workstation,True
CSE-ENGY-01-AST-0026,CSE-ENGY-01,high,domain_controller,True
CSE-ENGY-01-AST-0027,CSE-ENGY-01,medium,database_server,True
CSE-ENGY-01-AST-0028,CSE-ENGY-01,critical,database_server,True
CSE-ENGY-01-AST-0029,CSE-ENGY-01,low,database_server,True
CSE-ENGY-01-AST-0030,CSE-ENGY-01,medium,database_server,True
CSE-ENGY-01-AST-0031,CSE-ENGY-01,medium,database_server,True
CSE-ENGY-01-AST-0032,CSE-ENGY-01,medium,domain_controller,True
CSE-ENGY-01-AST-0033,CSE-ENGY-01,medium,app_server,True
CSE-ENGY-01-AST-0034,CSE-ENGY-01,high,workstation,True
CSE-ENGY-01-AST-0035,CSE-ENGY-01,high,scada_controller,True
CSE-ENGY-01-AST-0036,CSE-ENGY-01,medium,domain_controller,True
CSE-ENGY-01-AST-0037,CSE-ENGY-01,medium,app_server,True
CSE-ENGY-01-AST-0038,CSE-ENGY-01,high,domain_controller,True
CSE-ENGY-01-AST-0039,CSE-ENGY-01,low,app_server,True
CSE-ENGY-01-AST-0040,CSE-ENGY-01,medium,database_server,True
CSE-ENGY-01-AST-0041,CSE-ENGY-01,medium,domain_controller,True
CSE-ENGY-01-AST-0042,CSE-ENGY-01,critical,database_server,True
CSE-ENGY-01-AST-0043,CSE-ENGY-01,critical,database_server,True
CSE-ENGY-01-AST-0044,CSE-ENGY-01,critical,workstation,True
CSE-ENGY-01-AST-0045,CSE-ENGY-01,high,firewall,True
CSE-ENGY-01-AST-0046,CSE-ENGY-01,critical,database_server,True
CSE-ENGY-01-AST-0047,CSE-ENGY-01,medium,app_server,True
CSE-ENGY-01-AST-0048,CSE-ENGY-01,medium,domain_controller,True
CSE-ENGY-01-AST-0049,CSE-ENGY-01,medium,firewall,True
CSE-ENGY-01-AST-0050,CSE-ENGY-01,critical,workstation,True
CSE-ENGY-01-AST-0051,CSE-ENGY-01,low,scada_controller,True
CSE-ENGY-01-AST-0052,CSE-ENGY-01,high,scada_controller,True
CSE-ENGY-01-AST-0053,CSE-ENGY-01,medium,workstation,True
CSE-ENGY-01-AST-0054,CSE-ENGY-01,high,workstation,True
CSE-ENGY-01-AST-0055,CSE-ENGY-01,low,scada_controller,True
CSE-ENGY-01-AST-0056,CSE-ENGY-01,medium,app_server,True
CSE-ENGY-01-AST-0057,CSE-ENGY-01,low,database_server,True
CSE-ENGY-01-AST-0058,CSE-ENGY-01,low,app_server,True
CSE-ENGY-01-AST-0059,CSE-ENGY-01,high,scada_controller,True
CSE-ENGY-01-AST-0060,CSE-ENGY-01,medium,firewall,True
CSE-ENGY-01-AST-0061,CSE-ENGY-01,high,scada_controller,True
CSE-ENGY-01-AST-0062,CSE-ENGY-01,high,app_server,True
CSE-ENGY-01-AST-0063,CSE-ENGY-01,critical,workstation,True
CSE-ENGY-01-AST-0064,CSE-ENGY-01,high,database_server,True
CSE-ENGY-01-AST-0065,CSE-ENGY-01,critical,firewall,True
CSE-ENGY-01-AST-0066,CSE-ENGY-01,medium,database_server,True
CSE-ENGY-01-AST-0067,CSE-ENGY-01,medium,domain_controller,True
CSE-ENGY-01-AST-0068,CSE-ENGY-01,high,firewall,True
CSE-ENGY-01-AST-0069,CSE-ENGY-01,low,database_server,True
CSE-ENGY-01-AST-0070,CSE-ENGY-01,critical,scada_controller,True
CSE-ENGY-01-AST-0071,CSE-ENGY-01,critical,firewall,True
CSE-ENGY-01-AST-0072,CSE-ENGY-01,high,firewall,True
CSE-ENGY-01-AST-0073,CSE-ENGY-01,medium,database_server,True
CSE-ENGY-01-AST-0074,CSE-ENGY-01,critical,workstation,True
CSE-ENGY-01-AST-0075,CSE-ENGY-01,critical,scada_controller,True
CSE-ENGY-01-AST-0076,CSE-ENGY-01,medium,workstation,True
CSE-ENGY-01-AST-0077,CSE-ENGY-01,critical,scada_controller,True
CSE-ENGY-01-AST-0078,CSE-ENGY-01,low,workstation,True
CSE-ENGY-01-AST-0079,CSE-ENGY-01,medium,database_server,True
CSE-ENGY-01-AST-0080,CSE-ENGY-01,high,scada_controller,True
CSE-ENGY-01-AST-0081,CSE-ENGY-01,critical,app_server,True
CSE-ENGY-01-AST-0082,CSE-ENGY-01,high,scada_controller,True
CSE-ENGY-01-AST-0083,CSE-ENGY-01,medium,workstation,True
CSE-ENGY-01-AST-0084,CSE-ENGY-01,critical,workstation,True
CSE-ENGY-01-AST-0085,CSE-ENGY-01,medium,database_server,True
CSE-ENGY-01-AST-0086,CSE-ENGY-01,low,domain_controller,True
CSE-ENGY-01-AST-0087,CSE-ENGY-01,high,scada_controller,True
CSE-ENGY-01-AST-0088,CSE-ENGY-01,medium,scada_controller,True
CSE-ENGY-01-AST-0089,CSE-ENGY-01,high,firewall,True
CSE-ENGY-01-AST-0090,CSE-ENGY-01,medium,firewall,True
CSE-ENGY-01-AST-0091,CSE-ENGY-01,medium,domain_controller,True
CSE-ENGY-01-AST-0092,CSE-ENGY-01,low,firewall,True
CSE-ENGY-01-AST-0093,CSE-ENGY-01,medium,workstation,True
CSE-ENGY-01-AST-0094,CSE-ENGY-01,critical,scada_controller,True
CSE-ENGY-01-AST-0095,CSE-ENGY-01,medium,app_server,True
CSE-ENGY-01-AST-0096,CSE-ENGY-01,medium,scada_controller,True
CSE-ENGY-01-AST-0097,CSE-ENGY-01,critical,firewall,True
CSE-ENGY-01-AST-0098,CSE-ENGY-01,high,workstation,True
CSE-ENGY-01-AST-0099,CSE-ENGY-01,medium,app_server,True
CSE-ENGY-01-AST-0100,CSE-ENGY-01,low,database_server,True
CSE-ENGY-01-AST-0101,CSE-ENGY-01,high,firewall,True
CSE-ENGY-01-AST-0102,CSE-ENGY-01,low,domain_controller,True
CSE-ENGY-01-AST-0103,CSE-ENGY-01,low,domain_controller,True
CSE-ENGY-01-AST-0104,CSE-ENGY-01,medium,domain_controller,True
CSE-ENGY-01-AST-0105,CSE-ENGY-01,medium,scada_controller,True
CSE-ENGY-01-AST-0106,CSE-ENGY-01,high,workstation,True
CSE-ENGY-01-AST-0107,CSE-ENGY-01,medium,database_server,True
CSE-ENGY-01-AST-0108,CSE-ENGY-01,medium,firewall,True
CSE-ENGY-01-AST-0109,CSE-ENGY-01,medium,workstation,True
CSE-ENGY-01-AST-0110,CSE-ENGY-01,critical,scada_controller,True
CSE-ENGY-01-AST-0111,CSE-ENGY-01,low,firewall,True
CSE-ENGY-01-AST-0112,CSE-ENGY-01,medium,workstation,True
CSE-ENGY-01-AST-0113,CSE-ENGY-01,critical,database_server,True
CSE-ENGY-01-AST-0114,CSE-ENGY-01,medium,domain_controller,True
CSE-ENGY-01-AST-0115,CSE-ENGY-01,critical,domain_controller,True
CSE-ENGY-01-AST-0116,CSE-ENGY-01,high,workstation,True
CSE-ENGY-01-AST-0117,CSE-ENGY-01,medium,workstation,True
CSE-ENGY-01-AST-0118,CSE-ENGY-01,high,workstation,True
CSE-ENGY-01-AST-0119,CSE-ENGY-01,high,app_server,True
CSE-ENGY-01-AST-0120,CSE-ENGY-01,medium,scada_controller,True
CSE-ENGY-01-AST-0121,CSE-ENGY-01,medium,database_server,True
CSE-ENGY-01-AST-0122,CSE-ENGY-01,low,scada_controller,True
CSE-ENGY-01-AST-0123,CSE-ENGY-01,medium,database_server,True
CSE-ENGY-01-AST-0124,CSE-ENGY-01,high,domain_controller,True
CSE-ENGY-01-AST-0125,CSE-ENGY-01,high,firewall,True
CSE-ENGY-01-AST-0126,CSE-ENGY-01,high,database_server,True
CSE-ENGY-01-AST-0127,CSE-ENGY-01,medium,database_server,True
CSE-ENGY-01-AST-0128,CSE-ENGY-01,low,app_server,True
CSE-ENGY-01-AST-0129,CSE-ENGY-01,high,domain_controller,True
CSE-ENGY-01-AST-0130,CSE-ENGY-01,medium,database_server,True
CSE-ENGY-01-AST-0131,CSE-ENGY-01,low,app_server,True
CSE-ENGY-01-AST-0132,CSE-ENGY-01,high,domain_controller,True
CSE-ENGY-01-AST-0133,CSE-ENGY-01,high,app_server,True
CSE-ENGY-01-AST-0134,CSE-ENGY-01,medium,scada_controller,True
CSE-ENGY-01-AST-0135,CSE-ENGY-01,high,database_server,True
CSE-ENGY-01-AST-0136,CSE-ENGY-01,medium,database_server,True
CSE-ENGY-01-AST-0137,CSE-ENGY-01,low,domain_controller,True
CSE-ENGY-01-AST-0138,CSE-ENGY-01,medium,scada_controller,True
CSE-ENGY-01-AST-0139,CSE-ENGY-01,critical,domain_controller,True
CSE-ENGY-01-AST-0140,CSE-ENGY-01,high,domain_controller,True
CSE-ENGY-01-AST-0141,CSE-ENGY-01,medium,domain_controller,True
CSE-ENGY-01-AST-0142,CSE-ENGY-01,low,workstation,True
CSE-ENGY-01-AST-0143,CSE-ENGY-01,low,scada_controller,True
CSE-ENGY-01-AST-0144,CSE-ENGY-01,low,workstation,True
CSE-ENGY-01-AST-0145,CSE-ENGY-01,critical,app_server,True
CSE-ENGY-01-AST-0146,CSE-ENGY-01,high,database_server,True
CSE-ENGY-01-AST-0147,CSE-ENGY-01,medium,app_server,True
CSE-ENGY-01-AST-0148,CSE-ENGY-01,low,database_server,True
CSE-ENGY-01-AST-0149,CSE-ENGY-01,medium,app_server,True
CSE-ENGY-01-AST-0150,CSE-ENGY-01,high,scada_controller,True
CSE-ENGY-01-AST-0151,CSE-ENGY-01,high,app_server,True
CSE-ENGY-01-AST-0152,CSE-ENGY-01,low,database_server,True
CSE-ENGY-01-AST-0153,CSE-ENGY-01,medium,scada_controller,True
CSE-ENGY-01-AST-0154,CSE-ENGY-01,high,firewall,True
CSE-ENGY-01-AST-0155,CSE-ENGY-01,high,workstation,True
CSE-ENGY-01-AST-0156,CSE-ENGY-01,medium,app_server,True
CSE-ENGY-01-AST-0157,CSE-ENGY-01,medium,database_server,True
CSE-ENGY-01-AST-0158,CSE-ENGY-01,low,domain_controller,True
CSE-ENGY-01-AST-0159,CSE-ENGY-01,critical,domain_controller,True
CSE-ENGY-01-AST-0160,CSE-ENGY-01,critical,workstation,True
CSE-ENGY-01-AST-0161,CSE-ENGY-01,high,domain_controller,True
CSE-ENGY-01-AST-0162,CSE-ENGY-01,high,workstation,True
CSE-ENGY-01-AST-0163,CSE-ENGY-01,medium,database_server,True
CSE-ENGY-01-AST-0164,CSE-ENGY-01,high,app_server,True
CSE-ENGY-02-AST-0001,CSE-ENGY-02,low,firewall,True
CSE-ENGY-02-AST-0002,CSE-ENGY-02,low,firewall,True
CSE-ENGY-02-AST-0003,CSE-ENGY-02,medium,app_server,True
CSE-ENGY-02-AST-0004,CSE-ENGY-02,high,domain_controller,False
CSE-ENGY-02-AST-0005,CSE-ENGY-02,low,domain_controller,True
CSE-ENGY-02-AST-0006,CSE-ENGY-02,low,database_server,True
CSE-ENGY-02-AST-0007,CSE-ENGY-02,medium,firewall,True
CSE-ENGY-02-AST-0008,CSE-ENGY-02,medium,app_server,True
CSE-ENGY-02-AST-0009,CSE-ENGY-02,medium,scada_controller,True
CSE-ENGY-02-AST-0010,CSE-ENGY-02,medium,app_server,True
CSE-ENGY-02-AST-0011,CSE-ENGY-02,critical,database_server,True
CSE-ENGY-02-AST-0012,CSE-ENGY-02,medium,workstation,True
CSE-ENGY-02-AST-0013,CSE-ENGY-02,high,workstation,True
CSE-ENGY-02-AST-0014,CSE-ENGY-02,high,database_server,False
CSE-ENGY-02-AST-0015,CSE-ENGY-02,critical,domain_controller,True
CSE-ENGY-02-AST-0016,CSE-ENGY-02,high,workstation,True
CSE-ENGY-02-AST-0017,CSE-ENGY-02,medium,scada_controller,True
CSE-ENGY-02-AST-0018,CSE-ENGY-02,medium,scada_controller,True
CSE-ENGY-02-AST-0019,CSE-ENGY-02,low,domain_controller,True
CSE-ENGY-02-AST-0020,CSE-ENGY-02,low,firewall,True
CSE-ENGY-02-AST-0021,CSE-ENGY-02,medium,firewall,True
CSE-ENGY-02-AST-0022,CSE-ENGY-02,high,firewall,False
CSE-ENGY-02-AST-0023,CSE-ENGY-02,critical,workstation,False
CSE-ENGY-02-AST-0024,CSE-ENGY-02,medium,scada_controller,True
CSE-ENGY-02-AST-0025,CSE-ENGY-02,medium,scada_controller,True
CSE-ENGY-02-AST-0026,CSE-ENGY-02,medium,firewall,True
CSE-ENGY-02-AST-0027,CSE-ENGY-02,low,domain_controller,True
CSE-ENGY-02-AST-0028,CSE-ENGY-02,medium,domain_controller,True
CSE-ENGY-02-AST-0029,CSE-ENGY-02,critical,scada_controller,True
CSE-ENGY-02-AST-0030,CSE-ENGY-02,high,workstation,True
CSE-ENGY-02-AST-0031,CSE-ENGY-02,critical,database_server,False
CSE-ENGY-02-AST-0032,CSE-ENGY-02,medium,app_server,True
CSE-ENGY-02-AST-0033,CSE-ENGY-02,low,app_server,True
CSE-ENGY-02-AST-0034,CSE-ENGY-02,high,app_server,True
CSE-ENGY-02-AST-0035,CSE-ENGY-02,medium,firewall,True
CSE-ENGY-02-AST-0036,CSE-ENGY-02,medium,database_server,True
CSE-ENGY-02-AST-0037,CSE-ENGY-02,low,app_server,True
CSE-ENGY-02-AST-0038,CSE-ENGY-02,high,scada_controller,True
CSE-ENGY-02-AST-0039,CSE-ENGY-02,low,domain_controller,True
CSE-ENGY-02-AST-0040,CSE-ENGY-02,critical,workstation,True
CSE-ENGY-02-AST-0041,CSE-ENGY-02,medium,app_server,True
CSE-ENGY-02-AST-0042,CSE-ENGY-02,low,app_server,True
CSE-ENGY-02-AST-0043,CSE-ENGY-02,medium,scada_controller,True
CSE-ENGY-02-AST-0044,CSE-ENGY-02,high,app_server,False
CSE-ENGY-02-AST-0045,CSE-ENGY-02,medium,workstation,True
CSE-ENGY-02-AST-0046,CSE-ENGY-02,medium,workstation,True
CSE-ENGY-02-AST-0047,CSE-ENGY-02,medium,scada_controller,True
CSE-ENGY-02-AST-0048,CSE-ENGY-02,medium,firewall,True
CSE-ENGY-02-AST-0049,CSE-ENGY-02,medium,workstation,True
CSE-ENGY-02-AST-0050,CSE-ENGY-02,medium,app_server,True
CSE-ENGY-02-AST-0051,CSE-ENGY-02,medium,app_server,True
CSE-ENGY-02-AST-0052,CSE-ENGY-02,medium,domain_controller,True
CSE-ENGY-02-AST-0053,CSE-ENGY-02,critical,database_server,True
CSE-ENGY-02-AST-0054,CSE-ENGY-02,medium,firewall,True
CSE-ENGY-02-AST-0055,CSE-ENGY-02,critical,scada_controller,False
CSE-ENGY-02-AST-0056,CSE-ENGY-02,high,database_server,True
CSE-ENGY-02-AST-0057,CSE-ENGY-02,high,firewall,True
CSE-ENGY-02-AST-0058,CSE-ENGY-02,critical,workstation,False
CSE-ENGY-02-AST-0059,CSE-ENGY-02,high,domain_controller,True
CSE-ENGY-02-AST-0060,CSE-ENGY-02,low,firewall,True
CSE-ENGY-02-AST-0061,CSE-ENGY-02,medium,domain_controller,True
CSE-ENGY-02-AST-0062,CSE-ENGY-02,medium,firewall,True
CSE-ENGY-02-AST-0063,CSE-ENGY-02,medium,workstation,True
CSE-ENGY-02-AST-0064,CSE-ENGY-02,high,domain_controller,False
CSE-ENGY-02-AST-0065,CSE-ENGY-02,low,scada_controller,True
CSE-ENGY-02-AST-0066,CSE-ENGY-02,high,app_server,False
CSE-ENGY-02-AST-0067,CSE-ENGY-02,medium,firewall,True
CSE-ENGY-02-AST-0068,CSE-ENGY-02,low,workstation,True
CSE-ENGY-02-AST-0069,CSE-ENGY-02,medium,scada_controller,True
CSE-ENGY-02-AST-0070,CSE-ENGY-02,low,workstation,True
CSE-ENGY-02-AST-0071,CSE-ENGY-02,high,workstation,True
CSE-ENGY-02-AST-0072,CSE-ENGY-02,medium,app_server,True
CSE-ENGY-02-AST-0073,CSE-ENGY-02,high,scada_controller,False
CSE-ENGY-02-AST-0074,CSE-ENGY-02,low,workstation,True
CSE-ENGY-02-AST-0075,CSE-ENGY-02,low,workstation,True
CSE-ENGY-02-AST-0076,CSE-ENGY-02,low,database_server,True
CSE-ENGY-02-AST-0077,CSE-ENGY-02,medium,firewall,True
CSE-ENGY-02-AST-0078,CSE-ENGY-02,medium,database_server,True
CSE-ENGY-02-AST-0079,CSE-ENGY-02,medium,app_server,True
CSE-ENGY-02-AST-0080,CSE-ENGY-02,high,scada_controller,False
CSE-ENGY-02-AST-0081,CSE-ENGY-02,high,scada_controller,True
CSE-ENGY-02-AST-0082,CSE-ENGY-02,medium,domain_controller,True
CSE-ENGY-02-AST-0083,CSE-ENGY-02,low,domain_controller,True
CSE-ENGY-02-AST-0084,CSE-ENGY-02,low,scada_controller,True
CSE-ENGY-02-AST-0085,CSE-ENGY-02,critical,domain_controller,False
CSE-ENGY-02-AST-0086,CSE-ENGY-02,medium,database_server,True
CSE-ENGY-02-AST-0087,CSE-ENGY-02,critical,workstation,True
CSE-ENGY-02-AST-0088,CSE-ENGY-02,critical,database_server,True
CSE-ENGY-02-AST-0089,CSE-ENGY-02,high,app_server,False
CSE-ENGY-02-AST-0090,CSE-ENGY-02,medium,app_server,True
CSE-ENGY-02-AST-0091,CSE-ENGY-02,low,scada_controller,True
CSE-ENGY-02-AST-0092,CSE-ENGY-02,low,scada_controller,True
CSE-ENGY-02-AST-0093,CSE-ENGY-02,critical,database_server,True
CSE-ENGY-02-AST-0094,CSE-ENGY-02,high,app_server,True
CSE-ENGY-02-AST-0095,CSE-ENGY-02,critical,workstation,True
CSE-ENGY-02-AST-0096,CSE-ENGY-02,high,database_server,True
CSE-ENGY-02-AST-0097,CSE-ENGY-02,medium,app_server,True
CSE-ENGY-02-AST-0098,CSE-ENGY-02,medium,firewall,True
CSE-ENGY-02-AST-0099,CSE-ENGY-02,low,scada_controller,True
CSE-ENGY-02-AST-0100,CSE-ENGY-02,low,database_server,True
CSE-ENGY-02-AST-0101,CSE-ENGY-02,critical,scada_controller,True
CSE-ENGY-02-AST-0102,CSE-ENGY-02,low,domain_controller,True
CSE-ENGY-02-AST-0103,CSE-ENGY-02,medium,domain_controller,True
CSE-ENGY-02-AST-0104,CSE-ENGY-02,medium,domain_controller,True
CSE-ENGY-02-AST-0105,CSE-ENGY-02,medium,database_server,True
CSE-ENGY-02-AST-0106,CSE-ENGY-02,high,domain_controller,True
CSE-ENGY-02-AST-0107,CSE-ENGY-02,low,firewall,True
CSE-ENGY-02-AST-0108,CSE-ENGY-02,medium,app_server,True
CSE-ENGY-02-AST-0109,CSE-ENGY-02,medium,domain_controller,True
CSE-ENGY-02-AST-0110,CSE-ENGY-02,low,domain_controller,True
CSE-ENGY-02-AST-0111,CSE-ENGY-02,low,app_server,True
CSE-ENGY-02-AST-0112,CSE-ENGY-02,critical,scada_controller,False
CSE-ENGY-02-AST-0113,CSE-ENGY-02,high,workstation,True
CSE-ENGY-02-AST-0114,CSE-ENGY-02,critical,scada_controller,False
CSE-ENGY-02-AST-0115,CSE-ENGY-02,medium,database_server,True
CSE-ENGY-02-AST-0116,CSE-ENGY-02,medium,database_server,True
CSE-ENGY-02-AST-0117,CSE-ENGY-02,medium,database_server,True
CSE-ENGY-02-AST-0118,CSE-ENGY-02,low,app_server,True
CSE-ENGY-02-AST-0119,CSE-ENGY-02,critical,domain_controller,True
CSE-ENGY-02-AST-0120,CSE-ENGY-02,low,scada_controller,True
CSE-ENGY-02-AST-0121,CSE-ENGY-02,low,scada_controller,True
CSE-ENGY-02-AST-0122,CSE-ENGY-02,critical,app_server,True
CSE-ENGY-02-AST-0123,CSE-ENGY-02,high,app_server,True
CSE-ENGY-02-AST-0124,CSE-ENGY-02,medium,scada_controller,True
CSE-ENGY-02-AST-0125,CSE-ENGY-02,medium,firewall,True
CSE-ENGY-02-AST-0126,CSE-ENGY-02,high,app_server,False
CSE-ENGY-02-AST-0127,CSE-ENGY-02,medium,domain_controller,True
CSE-ENGY-02-AST-0128,CSE-ENGY-02,critical,firewall,False
CSE-ENGY-02-AST-0129,CSE-ENGY-02,high,database_server,True
CSE-ENGY-02-AST-0130,CSE-ENGY-02,high,firewall,False
CSE-ENGY-02-AST-0131,CSE-ENGY-02,medium,workstation,True
CSE-ENGY-02-AST-0132,CSE-ENGY-02,medium,workstation,True
CSE-ENGY-02-AST-0133,CSE-ENGY-02,low,app_server,True
CSE-ENGY-02-AST-0134,CSE-ENGY-02,low,workstation,True
CSE-ENGY-02-AST-0135,CSE-ENGY-02,high,workstation,False
CSE-ENGY-02-AST-0136,CSE-ENGY-02,medium,workstation,True
CSE-ENGY-02-AST-0137,CSE-ENGY-02,medium,domain_controller,True
CSE-ENGY-02-AST-0138,CSE-ENGY-02,medium,firewall,True
CSE-ENGY-02-AST-0139,CSE-ENGY-02,low,scada_controller,True
CSE-ENGY-02-AST-0140,CSE-ENGY-02,medium,app_server,True
CSE-ENGY-02-AST-0141,CSE-ENGY-02,critical,database_server,True
CSE-ENGY-02-AST-0142,CSE-ENGY-02,medium,scada_controller,True
CSE-ENGY-02-AST-0143,CSE-ENGY-02,medium,domain_controller,True
CSE-ENGY-02-AST-0144,CSE-ENGY-02,medium,database_server,True
CSE-ENGY-02-AST-0145,CSE-ENGY-02,medium,firewall,True
CSE-ENGY-02-AST-0146,CSE-ENGY-02,high,firewall,True
CSE-ENGY-02-AST-0147,CSE-ENGY-02,high,domain_controller,True
CSE-ENGY-02-AST-0148,CSE-ENGY-02,medium,workstation,True
CSE-ENGY-02-AST-0149,CSE-ENGY-02,critical,database_server,False
CSE-ENGY-02-AST-0150,CSE-ENGY-02,low,firewall,True
CSE-ENGY-02-AST-0151,CSE-ENGY-02,high,scada_controller,True
CSE-ENGY-02-AST-0152,CSE-ENGY-02,medium,firewall,True
CSE-ENGY-02-AST-0153,CSE-ENGY-02,low,app_server,True
CSE-ENGY-02-AST-0154,CSE-ENGY-02,critical,app_server,True
CSE-ENGY-02-AST-0155,CSE-ENGY-02,high,domain_controller,True
CSE-ENGY-02-AST-0156,CSE-ENGY-02,high,workstation,False
CSE-ENGY-02-AST-0157,CSE-ENGY-02,medium,database_server,True
CSE-ENGY-02-AST-0158,CSE-ENGY-02,high,database_server,True
CSE-ENGY-02-AST-0159,CSE-ENGY-02,high,database_server,False
CSE-ENGY-02-AST-0160,CSE-ENGY-02,critical,scada_controller,False
CSE-ENGY-02-AST-0161,CSE-ENGY-02,medium,app_server,True
CSE-ENGY-02-AST-0162,CSE-ENGY-02,high,firewall,True
CSE-ENGY-02-AST-0163,CSE-ENGY-02,critical,workstation,False
CSE-ENGY-02-AST-0164,CSE-ENGY-02,critical,app_server,False
CSE-ENGY-02-AST-0165,CSE-ENGY-02,low,scada_controller,True
CSE-ENGY-02-AST-0166,CSE-ENGY-02,medium,database_server,True
CSE-ENGY-02-AST-0167,CSE-ENGY-02,medium,firewall,True
CSE-ENGY-02-AST-0168,CSE-ENGY-02,low,app_server,True
CSE-ENGY-02-AST-0169,CSE-ENGY-02,medium,database_server,True
CSE-ENGY-02-AST-0170,CSE-ENGY-02,high,app_server,True
CSE-ENGY-02-AST-0171,CSE-ENGY-02,low,workstation,True
CSE-ENGY-02-AST-0172,CSE-ENGY-02,high,firewall,True
CSE-ENGY-02-AST-0173,CSE-ENGY-02,medium,workstation,True
CSE-ENGY-02-AST-0174,CSE-ENGY-02,low,workstation,True
CSE-ENGY-02-AST-0175,CSE-ENGY-02,high,app_server,True
CSE-ENGY-02-AST-0176,CSE-ENGY-02,critical,scada_controller,False
CSE-ENGY-02-AST-0177,CSE-ENGY-02,critical,domain_controller,True
CSE-ENGY-02-AST-0178,CSE-ENGY-02,medium,scada_controller,True
CSE-ENGY-02-AST-0179,CSE-ENGY-02,medium,app_server,True
CSE-ENGY-02-AST-0180,CSE-ENGY-02,medium,firewall,True
CSE-ENGY-02-AST-0181,CSE-ENGY-02,low,scada_controller,True
CSE-ENGY-02-AST-0182,CSE-ENGY-02,low,firewall,True
CSE-ENGY-02-AST-0183,CSE-ENGY-02,high,app_server,True
CSE-ENGY-02-AST-0184,CSE-ENGY-02,medium,app_server,True
CSE-ENGY-02-AST-0185,CSE-ENGY-02,medium,app_server,True
CSE-ENGY-02-AST-0186,CSE-ENGY-02,medium,app_server,True
CSE-ENGY-02-AST-0187,CSE-ENGY-02,high,domain_controller,False
CSE-ENGY-02-AST-0188,CSE-ENGY-02,critical,domain_controller,True
CSE-ENGY-02-AST-0189,CSE-ENGY-02,high,database_server,False
CSE-ENGY-02-AST-0190,CSE-ENGY-02,medium,firewall,True
CSE-ENGY-02-AST-0191,CSE-ENGY-02,high,firewall,True
CSE-ENGY-02-AST-0192,CSE-ENGY-02,low,domain_controller,True
CSE-ENGY-02-AST-0193,CSE-ENGY-02,medium,scada_controller,True
CSE-ENGY-03-AST-0001,CSE-ENGY-03,low,database_server,True
CSE-ENGY-03-AST-0002,CSE-ENGY-03,high,database_server,True
CSE-ENGY-03-AST-0003,CSE-ENGY-03,medium,workstation,True
CSE-ENGY-03-AST-0004,CSE-ENGY-03,critical,scada_controller,True
CSE-ENGY-03-AST-0005,CSE-ENGY-03,medium,database_server,True
CSE-ENGY-03-AST-0006,CSE-ENGY-03,medium,database_server,True
CSE-ENGY-03-AST-0007,CSE-ENGY-03,medium,database_server,True
CSE-ENGY-03-AST-0008,CSE-ENGY-03,low,domain_controller,True
CSE-ENGY-03-AST-0009,CSE-ENGY-03,medium,app_server,True
CSE-ENGY-03-AST-0010,CSE-ENGY-03,critical,scada_controller,True
CSE-ENGY-03-AST-0011,CSE-ENGY-03,high,firewall,True
CSE-ENGY-03-AST-0012,CSE-ENGY-03,low,workstation,True
CSE-ENGY-03-AST-0013,CSE-ENGY-03,medium,app_server,True
CSE-ENGY-03-AST-0014,CSE-ENGY-03,high,firewall,True
CSE-ENGY-03-AST-0015,CSE-ENGY-03,medium,database_server,True
CSE-ENGY-03-AST-0016,CSE-ENGY-03,medium,domain_controller,True
CSE-ENGY-03-AST-0017,CSE-ENGY-03,low,scada_controller,True
CSE-ENGY-03-AST-0018,CSE-ENGY-03,low,firewall,True
CSE-ENGY-03-AST-0019,CSE-ENGY-03,high,workstation,True
CSE-ENGY-03-AST-0020,CSE-ENGY-03,medium,workstation,True
CSE-ENGY-03-AST-0021,CSE-ENGY-03,high,workstation,True
CSE-ENGY-03-AST-0022,CSE-ENGY-03,critical,app_server,True
CSE-ENGY-03-AST-0023,CSE-ENGY-03,medium,firewall,True
CSE-ENGY-03-AST-0024,CSE-ENGY-03,medium,scada_controller,True
CSE-ENGY-03-AST-0025,CSE-ENGY-03,medium,workstation,True
CSE-ENGY-03-AST-0026,CSE-ENGY-03,medium,workstation,True
CSE-ENGY-03-AST-0027,CSE-ENGY-03,medium,app_server,True
CSE-ENGY-03-AST-0028,CSE-ENGY-03,critical,workstation,True
CSE-ENGY-03-AST-0029,CSE-ENGY-03,low,firewall,True
CSE-ENGY-03-AST-0030,CSE-ENGY-03,high,firewall,True
CSE-ENGY-03-AST-0031,CSE-ENGY-03,low,domain_controller,True
CSE-ENGY-03-AST-0032,CSE-ENGY-03,critical,workstation,True
CSE-ENGY-03-AST-0033,CSE-ENGY-03,medium,scada_controller,True
CSE-ENGY-03-AST-0034,CSE-ENGY-03,medium,scada_controller,True
CSE-ENGY-03-AST-0035,CSE-ENGY-03,medium,database_server,True
CSE-ENGY-03-AST-0036,CSE-ENGY-03,high,firewall,True
CSE-ENGY-03-AST-0037,CSE-ENGY-03,critical,scada_controller,True
CSE-ENGY-03-AST-0038,CSE-ENGY-03,medium,workstation,True
CSE-ENGY-03-AST-0039,CSE-ENGY-03,high,scada_controller,True
CSE-ENGY-03-AST-0040,CSE-ENGY-03,critical,scada_controller,True
CSE-ENGY-03-AST-0041,CSE-ENGY-03,high,domain_controller,True
CSE-ENGY-03-AST-0042,CSE-ENGY-03,critical,scada_controller,True
CSE-ENGY-03-AST-0043,CSE-ENGY-03,medium,workstation,True
CSE-ENGY-03-AST-0044,CSE-ENGY-03,low,app_server,True
CSE-ENGY-03-AST-0045,CSE-ENGY-03,critical,workstation,True
CSE-ENGY-03-AST-0046,CSE-ENGY-03,medium,workstation,True
CSE-ENGY-03-AST-0047,CSE-ENGY-03,medium,workstation,True
CSE-ENGY-03-AST-0048,CSE-ENGY-03,medium,database_server,True
CSE-ENGY-03-AST-0049,CSE-ENGY-03,critical,app_server,True
CSE-ENGY-03-AST-0050,CSE-ENGY-03,medium,app_server,True
CSE-ENGY-03-AST-0051,CSE-ENGY-03,low,workstation,True
CSE-ENGY-03-AST-0052,CSE-ENGY-03,critical,domain_controller,True
CSE-ENGY-03-AST-0053,CSE-ENGY-03,high,firewall,True
CSE-ENGY-03-AST-0054,CSE-ENGY-03,low,app_server,True
CSE-ENGY-03-AST-0055,CSE-ENGY-03,low,database_server,True
CSE-ENGY-03-AST-0056,CSE-ENGY-03,low,workstation,True
CSE-ENGY-03-AST-0057,CSE-ENGY-03,critical,database_server,True
CSE-ENGY-03-AST-0058,CSE-ENGY-03,low,workstation,True
CSE-ENGY-03-AST-0059,CSE-ENGY-03,medium,database_server,True
CSE-ENGY-03-AST-0060,CSE-ENGY-03,low,workstation,True
CSE-ENGY-03-AST-0061,CSE-ENGY-03,high,scada_controller,True
CSE-ENGY-03-AST-0062,CSE-ENGY-03,medium,workstation,True
CSE-ENGY-03-AST-0063,CSE-ENGY-03,low,database_server,True
CSE-ENGY-03-AST-0064,CSE-ENGY-03,high,firewall,True
CSE-ENGY-03-AST-0065,CSE-ENGY-03,high,domain_controller,True
CSE-ENGY-03-AST-0066,CSE-ENGY-03,low,domain_controller,True
CSE-ENGY-03-AST-0067,CSE-ENGY-03,low,database_server,True
CSE-ENGY-03-AST-0068,CSE-ENGY-03,medium,scada_controller,True
CSE-ENGY-03-AST-0069,CSE-ENGY-03,low,firewall,True
CSE-ENGY-03-AST-0070,CSE-ENGY-03,low,app_server,True
CSE-ENGY-03-AST-0071,CSE-ENGY-03,critical,workstation,True
CSE-ENGY-03-AST-0072,CSE-ENGY-03,medium,domain_controller,True
CSE-ENGY-03-AST-0073,CSE-ENGY-03,medium,scada_controller,True
CSE-ENGY-03-AST-0074,CSE-ENGY-03,low,domain_controller,True
CSE-ENGY-03-AST-0075,CSE-ENGY-03,medium,workstation,True
CSE-ENGY-03-AST-0076,CSE-ENGY-03,medium,app_server,True
CSE-ENGY-03-AST-0077,CSE-ENGY-03,high,app_server,True
CSE-ENGY-03-AST-0078,CSE-ENGY-03,high,domain_controller,True
CSE-ENGY-03-AST-0079,CSE-ENGY-03,critical,app_server,True
CSE-ENGY-03-AST-0080,CSE-ENGY-03,critical,scada_controller,True
CSE-ENGY-03-AST-0081,CSE-ENGY-03,medium,firewall,True
CSE-ENGY-03-AST-0082,CSE-ENGY-03,low,workstation,True
CSE-ENGY-03-AST-0083,CSE-ENGY-03,critical,scada_controller,True
CSE-ENGY-03-AST-0084,CSE-ENGY-03,high,workstation,True
CSE-ENGY-03-AST-0085,CSE-ENGY-03,low,domain_controller,True
CSE-ENGY-03-AST-0086,CSE-ENGY-03,high,app_server,True
CSE-ENGY-03-AST-0087,CSE-ENGY-03,low,scada_controller,True
CSE-ENGY-03-AST-0088,CSE-ENGY-03,low,database_server,True
CSE-ENGY-03-AST-0089,CSE-ENGY-03,critical,domain_controller,True
CSE-ENGY-03-AST-0090,CSE-ENGY-03,high,workstation,True
CSE-ENGY-03-AST-0091,CSE-ENGY-03,high,database_server,True
CSE-ENGY-03-AST-0092,CSE-ENGY-03,medium,app_server,True
CSE-ENGY-03-AST-0093,CSE-ENGY-03,medium,workstation,True
CSE-ENGY-03-AST-0094,CSE-ENGY-03,medium,firewall,True
CSE-ENGY-03-AST-0095,CSE-ENGY-03,low,domain_controller,True
CSE-ENGY-03-AST-0096,CSE-ENGY-03,medium,scada_controller,True
CSE-ENGY-03-AST-0097,CSE-ENGY-03,low,workstation,True
CSE-ENGY-03-AST-0098,CSE-ENGY-03,high,database_server,True
CSE-ENGY-03-AST-0099,CSE-ENGY-03,high,database_server,True
CSE-ENGY-03-AST-0100,CSE-ENGY-03,medium,scada_controller,True
CSE-ENGY-03-AST-0101,CSE-ENGY-03,high,workstation,True
CSE-ENGY-03-AST-0102,CSE-ENGY-03,medium,database_server,True
CSE-ENGY-03-AST-0103,CSE-ENGY-03,high,scada_controller,True
CSE-ENGY-03-AST-0104,CSE-ENGY-03,high,domain_controller,True
CSE-ENGY-03-AST-0105,CSE-ENGY-03,medium,scada_controller,True
CSE-ENGY-03-AST-0106,CSE-ENGY-03,medium,firewall,True
CSE-ENGY-03-AST-0107,CSE-ENGY-03,medium,domain_controller,True
CSE-ENGY-03-AST-0108,CSE-ENGY-03,high,firewall,True
CSE-ENGY-03-AST-0109,CSE-ENGY-03,high,workstation,True
CSE-ENGY-03-AST-0110,CSE-ENGY-03,critical,scada_controller,True
CSE-ENGY-03-AST-0111,CSE-ENGY-03,medium,app_server,True
CSE-ENGY-03-AST-0112,CSE-ENGY-03,medium,workstation,True
CSE-ENGY-03-AST-0113,CSE-ENGY-03,low,app_server,True
CSE-ENGY-03-AST-0114,CSE-ENGY-03,medium,scada_controller,True
CSE-ENGY-03-AST-0115,CSE-ENGY-03,medium,app_server,True
CSE-ENGY-03-AST-0116,CSE-ENGY-03,critical,firewall,True
CSE-ENGY-03-AST-0117,CSE-ENGY-03,high,scada_controller,True
CSE-ENGY-03-AST-0118,CSE-ENGY-03,medium,scada_controller,True
CSE-ENGY-03-AST-0119,CSE-ENGY-03,low,database_server,True
CSE-ENGY-04-AST-0001,CSE-ENGY-04,low,app_server,True
CSE-ENGY-04-AST-0002,CSE-ENGY-04,medium,firewall,True
CSE-ENGY-04-AST-0003,CSE-ENGY-04,low,database_server,True
CSE-ENGY-04-AST-0004,CSE-ENGY-04,medium,firewall,True
CSE-ENGY-04-AST-0005,CSE-ENGY-04,medium,firewall,True
CSE-ENGY-04-AST-0006,CSE-ENGY-04,medium,domain_controller,True
CSE-ENGY-04-AST-0007,CSE-ENGY-04,medium,workstation,True
CSE-ENGY-04-AST-0008,CSE-ENGY-04,high,app_server,True
CSE-ENGY-04-AST-0009,CSE-ENGY-04,medium,scada_controller,True
CSE-ENGY-04-AST-0010,CSE-ENGY-04,low,firewall,True
CSE-ENGY-04-AST-0011,CSE-ENGY-04,medium,app_server,True
CSE-ENGY-04-AST-0012,CSE-ENGY-04,low,app_server,True
CSE-ENGY-04-AST-0013,CSE-ENGY-04,medium,scada_controller,True
CSE-ENGY-04-AST-0014,CSE-ENGY-04,medium,scada_controller,True
CSE-ENGY-04-AST-0015,CSE-ENGY-04,medium,domain_controller,True
CSE-ENGY-04-AST-0016,CSE-ENGY-04,critical,app_server,True
CSE-ENGY-04-AST-0017,CSE-ENGY-04,medium,domain_controller,True
CSE-ENGY-04-AST-0018,CSE-ENGY-04,medium,domain_controller,True
CSE-ENGY-04-AST-0019,CSE-ENGY-04,high,workstation,True
CSE-ENGY-04-AST-0020,CSE-ENGY-04,critical,database_server,True
CSE-ENGY-04-AST-0021,CSE-ENGY-04,high,workstation,True
CSE-ENGY-04-AST-0022,CSE-ENGY-04,high,app_server,True
CSE-ENGY-04-AST-0023,CSE-ENGY-04,medium,domain_controller,True
CSE-ENGY-04-AST-0024,CSE-ENGY-04,low,firewall,True
CSE-ENGY-04-AST-0025,CSE-ENGY-04,medium,firewall,True
CSE-ENGY-04-AST-0026,CSE-ENGY-04,high,firewall,True
CSE-ENGY-04-AST-0027,CSE-ENGY-04,medium,app_server,True
CSE-ENGY-04-AST-0028,CSE-ENGY-04,critical,app_server,True
CSE-ENGY-04-AST-0029,CSE-ENGY-04,high,domain_controller,True
CSE-ENGY-04-AST-0030,CSE-ENGY-04,critical,firewall,True
CSE-ENGY-04-AST-0031,CSE-ENGY-04,medium,scada_controller,True
CSE-ENGY-04-AST-0032,CSE-ENGY-04,critical,app_server,True
CSE-ENGY-04-AST-0033,CSE-ENGY-04,medium,app_server,True
CSE-ENGY-04-AST-0034,CSE-ENGY-04,medium,database_server,True
CSE-ENGY-04-AST-0035,CSE-ENGY-04,medium,firewall,True
CSE-ENGY-04-AST-0036,CSE-ENGY-04,low,domain_controller,True
CSE-ENGY-04-AST-0037,CSE-ENGY-04,high,domain_controller,True
CSE-ENGY-04-AST-0038,CSE-ENGY-04,high,domain_controller,True
CSE-ENGY-04-AST-0039,CSE-ENGY-04,high,app_server,True
CSE-ENGY-04-AST-0040,CSE-ENGY-04,high,workstation,True
CSE-TELC-01-AST-0001,CSE-TELC-01,high,domain_controller,True
CSE-TELC-01-AST-0002,CSE-TELC-01,critical,domain_controller,True
CSE-TELC-01-AST-0003,CSE-TELC-01,medium,firewall,True
CSE-TELC-01-AST-0004,CSE-TELC-01,high,domain_controller,True
CSE-TELC-01-AST-0005,CSE-TELC-01,high,scada_controller,True
CSE-TELC-01-AST-0006,CSE-TELC-01,low,firewall,True
CSE-TELC-01-AST-0007,CSE-TELC-01,medium,scada_controller,True
CSE-TELC-01-AST-0008,CSE-TELC-01,low,scada_controller,True
CSE-TELC-01-AST-0009,CSE-TELC-01,low,app_server,True
CSE-TELC-01-AST-0010,CSE-TELC-01,low,scada_controller,True
CSE-TELC-01-AST-0011,CSE-TELC-01,low,scada_controller,True
CSE-TELC-01-AST-0012,CSE-TELC-01,medium,firewall,True
CSE-TELC-01-AST-0013,CSE-TELC-01,critical,firewall,True
CSE-TELC-01-AST-0014,CSE-TELC-01,medium,database_server,True
CSE-TELC-01-AST-0015,CSE-TELC-01,medium,app_server,True
CSE-TELC-01-AST-0016,CSE-TELC-01,medium,app_server,True
CSE-TELC-01-AST-0017,CSE-TELC-01,medium,scada_controller,True
CSE-TELC-01-AST-0018,CSE-TELC-01,critical,workstation,True
CSE-TELC-01-AST-0019,CSE-TELC-01,high,domain_controller,True
CSE-TELC-01-AST-0020,CSE-TELC-01,low,firewall,True
CSE-TELC-01-AST-0021,CSE-TELC-01,low,firewall,True
CSE-TELC-01-AST-0022,CSE-TELC-01,low,workstation,True
CSE-TELC-01-AST-0023,CSE-TELC-01,high,database_server,True
CSE-TELC-01-AST-0024,CSE-TELC-01,high,app_server,True
CSE-TELC-01-AST-0025,CSE-TELC-01,medium,scada_controller,True
CSE-TELC-01-AST-0026,CSE-TELC-01,high,workstation,True
CSE-TELC-01-AST-0027,CSE-TELC-01,medium,scada_controller,True
CSE-TELC-01-AST-0028,CSE-TELC-01,high,domain_controller,True
CSE-TELC-01-AST-0029,CSE-TELC-01,high,firewall,True
CSE-TELC-01-AST-0030,CSE-TELC-01,low,database_server,True
CSE-TELC-01-AST-0031,CSE-TELC-01,medium,database_server,True
CSE-TELC-01-AST-0032,CSE-TELC-01,medium,workstation,True
CSE-TELC-01-AST-0033,CSE-TELC-01,high,firewall,True
CSE-TELC-01-AST-0034,CSE-TELC-01,low,domain_controller,True
CSE-TELC-01-AST-0035,CSE-TELC-01,high,workstation,True
CSE-TELC-01-AST-0036,CSE-TELC-01,critical,workstation,True
CSE-TELC-01-AST-0037,CSE-TELC-01,medium,workstation,True
CSE-TELC-01-AST-0038,CSE-TELC-01,high,firewall,True
CSE-TELC-01-AST-0039,CSE-TELC-01,high,app_server,True
CSE-TELC-01-AST-0040,CSE-TELC-01,high,workstation,True
CSE-TELC-01-AST-0041,CSE-TELC-01,medium,workstation,True
CSE-TELC-01-AST-0042,CSE-TELC-01,high,app_server,True
CSE-TELC-01-AST-0043,CSE-TELC-01,medium,scada_controller,True
CSE-TELC-01-AST-0044,CSE-TELC-01,high,firewall,True
CSE-TELC-01-AST-0045,CSE-TELC-01,low,workstation,True
CSE-TELC-01-AST-0046,CSE-TELC-01,critical,domain_controller,True
CSE-TELC-01-AST-0047,CSE-TELC-01,medium,app_server,True
CSE-TELC-01-AST-0048,CSE-TELC-01,critical,workstation,True
CSE-TELC-01-AST-0049,CSE-TELC-01,high,workstation,True
CSE-TELC-01-AST-0050,CSE-TELC-01,low,scada_controller,True
CSE-TELC-01-AST-0051,CSE-TELC-01,critical,database_server,True
CSE-TELC-01-AST-0052,CSE-TELC-01,medium,app_server,True
CSE-TELC-01-AST-0053,CSE-TELC-01,high,domain_controller,True
CSE-TELC-01-AST-0054,CSE-TELC-01,high,domain_controller,True
CSE-TELC-01-AST-0055,CSE-TELC-01,medium,app_server,True
CSE-TELC-01-AST-0056,CSE-TELC-01,low,app_server,True
CSE-TELC-01-AST-0057,CSE-TELC-01,medium,firewall,True
CSE-TELC-01-AST-0058,CSE-TELC-01,low,firewall,True
CSE-TELC-01-AST-0059,CSE-TELC-01,medium,scada_controller,True
CSE-TELC-01-AST-0060,CSE-TELC-01,low,app_server,True
CSE-TELC-01-AST-0061,CSE-TELC-01,high,workstation,True
CSE-TELC-01-AST-0062,CSE-TELC-01,medium,firewall,True
CSE-TELC-01-AST-0063,CSE-TELC-01,critical,app_server,True
CSE-TELC-01-AST-0064,CSE-TELC-01,high,app_server,True
CSE-TELC-01-AST-0065,CSE-TELC-01,high,app_server,True
CSE-TELC-01-AST-0066,CSE-TELC-01,high,app_server,True
CSE-TELC-01-AST-0067,CSE-TELC-01,medium,domain_controller,True
CSE-TELC-01-AST-0068,CSE-TELC-01,low,workstation,True
CSE-TELC-01-AST-0069,CSE-TELC-01,high,scada_controller,True
CSE-TELC-01-AST-0070,CSE-TELC-01,high,domain_controller,True
CSE-TELC-01-AST-0071,CSE-TELC-01,critical,database_server,True
CSE-TELC-01-AST-0072,CSE-TELC-01,medium,workstation,True
CSE-TELC-01-AST-0073,CSE-TELC-01,high,app_server,True
CSE-TELC-01-AST-0074,CSE-TELC-01,high,workstation,True
CSE-TELC-01-AST-0075,CSE-TELC-01,critical,database_server,True
CSE-TELC-01-AST-0076,CSE-TELC-01,medium,database_server,True
CSE-TELC-01-AST-0077,CSE-TELC-01,medium,database_server,True
CSE-TELC-01-AST-0078,CSE-TELC-01,low,domain_controller,True
CSE-TELC-01-AST-0079,CSE-TELC-01,low,domain_controller,True
CSE-TELC-01-AST-0080,CSE-TELC-01,high,workstation,True
CSE-TELC-01-AST-0081,CSE-TELC-01,critical,workstation,True
CSE-TELC-01-AST-0082,CSE-TELC-01,high,workstation,True
CSE-TELC-01-AST-0083,CSE-TELC-01,medium,scada_controller,True
CSE-TELC-01-AST-0084,CSE-TELC-01,critical,firewall,True
CSE-TELC-01-AST-0085,CSE-TELC-01,medium,database_server,True
CSE-TELC-01-AST-0086,CSE-TELC-01,medium,workstation,True
CSE-TELC-01-AST-0087,CSE-TELC-01,medium,database_server,True
CSE-TELC-01-AST-0088,CSE-TELC-01,medium,workstation,True
CSE-TELC-01-AST-0089,CSE-TELC-01,medium,database_server,True
CSE-TELC-01-AST-0090,CSE-TELC-01,medium,firewall,True
CSE-TELC-01-AST-0091,CSE-TELC-01,high,app_server,True
CSE-TELC-01-AST-0092,CSE-TELC-01,high,database_server,True
CSE-TELC-01-AST-0093,CSE-TELC-01,medium,firewall,True
CSE-TELC-01-AST-0094,CSE-TELC-01,medium,scada_controller,True
CSE-TELC-01-AST-0095,CSE-TELC-01,high,firewall,True
CSE-TELC-01-AST-0096,CSE-TELC-01,low,firewall,True
CSE-TELC-01-AST-0097,CSE-TELC-01,high,firewall,True
CSE-TELC-01-AST-0098,CSE-TELC-01,medium,firewall,True
CSE-TELC-01-AST-0099,CSE-TELC-01,medium,firewall,True
CSE-TELC-01-AST-0100,CSE-TELC-01,medium,domain_controller,True
CSE-TELC-01-AST-0101,CSE-TELC-01,low,database_server,True
CSE-TELC-01-AST-0102,CSE-TELC-01,low,firewall,True
CSE-TELC-01-AST-0103,CSE-TELC-01,low,app_server,True
CSE-TELC-01-AST-0104,CSE-TELC-01,medium,app_server,True
CSE-TELC-01-AST-0105,CSE-TELC-01,medium,database_server,True
CSE-TELC-01-AST-0106,CSE-TELC-01,critical,workstation,True
CSE-TELC-01-AST-0107,CSE-TELC-01,medium,scada_controller,True
CSE-TELC-01-AST-0108,CSE-TELC-01,high,workstation,True
CSE-TELC-01-AST-0109,CSE-TELC-01,medium,scada_controller,True
CSE-TELC-01-AST-0110,CSE-TELC-01,low,app_server,True
CSE-TELC-01-AST-0111,CSE-TELC-01,low,firewall,True
CSE-TELC-01-AST-0112,CSE-TELC-01,medium,domain_controller,True
CSE-TELC-01-AST-0113,CSE-TELC-01,high,domain_controller,True
CSE-TELC-01-AST-0114,CSE-TELC-01,medium,scada_controller,True
CSE-TELC-01-AST-0115,CSE-TELC-01,low,workstation,True
CSE-TELC-01-AST-0116,CSE-TELC-01,high,database_server,True
CSE-TELC-01-AST-0117,CSE-TELC-01,medium,domain_controller,True
CSE-TELC-01-AST-0118,CSE-TELC-01,medium,scada_controller,True
CSE-TELC-01-AST-0119,CSE-TELC-01,critical,app_server,True
CSE-TELC-01-AST-0120,CSE-TELC-01,low,app_server,True
CSE-TELC-01-AST-0121,CSE-TELC-01,critical,workstation,True
CSE-TELC-01-AST-0122,CSE-TELC-01,low,app_server,True
CSE-TELC-01-AST-0123,CSE-TELC-01,critical,app_server,True
CSE-TELC-01-AST-0124,CSE-TELC-01,high,firewall,True
CSE-TELC-01-AST-0125,CSE-TELC-01,low,domain_controller,True
CSE-TELC-01-AST-0126,CSE-TELC-01,low,firewall,True
CSE-TELC-01-AST-0127,CSE-TELC-01,high,scada_controller,True
CSE-TELC-01-AST-0128,CSE-TELC-01,medium,scada_controller,True
CSE-TELC-01-AST-0129,CSE-TELC-01,high,firewall,True
CSE-TELC-01-AST-0130,CSE-TELC-01,critical,domain_controller,True
CSE-TELC-01-AST-0131,CSE-TELC-01,low,app_server,True
CSE-TELC-01-AST-0132,CSE-TELC-01,medium,firewall,True
CSE-TELC-01-AST-0133,CSE-TELC-01,medium,workstation,True
CSE-TELC-01-AST-0134,CSE-TELC-01,medium,scada_controller,True
CSE-TELC-01-AST-0135,CSE-TELC-01,medium,database_server,True
CSE-TELC-01-AST-0136,CSE-TELC-01,high,scada_controller,True
CSE-TELC-01-AST-0137,CSE-TELC-01,low,workstation,True
CSE-TELC-01-AST-0138,CSE-TELC-01,high,firewall,True
CSE-TELC-01-AST-0139,CSE-TELC-01,medium,database_server,True
CSE-TELC-01-AST-0140,CSE-TELC-01,low,database_server,True
CSE-TELC-01-AST-0141,CSE-TELC-01,low,firewall,True
CSE-TELC-01-AST-0142,CSE-TELC-01,high,workstation,True
CSE-TELC-01-AST-0143,CSE-TELC-01,high,domain_controller,True
CSE-TELC-01-AST-0144,CSE-TELC-01,critical,domain_controller,True
CSE-TELC-01-AST-0145,CSE-TELC-01,critical,app_server,True
CSE-TELC-01-AST-0146,CSE-TELC-01,low,database_server,True
CSE-TELC-01-AST-0147,CSE-TELC-01,critical,database_server,True
CSE-TELC-01-AST-0148,CSE-TELC-01,low,database_server,True
CSE-TELC-01-AST-0149,CSE-TELC-01,medium,database_server,True
CSE-TELC-01-AST-0150,CSE-TELC-01,medium,firewall,True
CSE-TELC-01-AST-0151,CSE-TELC-01,low,domain_controller,True
CSE-TELC-01-AST-0152,CSE-TELC-01,medium,scada_controller,True
CSE-TELC-01-AST-0153,CSE-TELC-01,medium,app_server,True
CSE-TELC-01-AST-0154,CSE-TELC-01,high,app_server,True
CSE-TELC-01-AST-0155,CSE-TELC-01,medium,database_server,True
CSE-TELC-01-AST-0156,CSE-TELC-01,medium,domain_controller,True
CSE-TELC-01-AST-0157,CSE-TELC-01,high,app_server,True
CSE-TELC-01-AST-0158,CSE-TELC-01,high,database_server,True
CSE-TELC-01-AST-0159,CSE-TELC-01,low,firewall,True
CSE-TELC-01-AST-0160,CSE-TELC-01,medium,domain_controller,True
CSE-TELC-01-AST-0161,CSE-TELC-01,low,workstation,True
CSE-TELC-01-AST-0162,CSE-TELC-01,medium,database_server,True
CSE-TELC-01-AST-0163,CSE-TELC-01,high,firewall,True
CSE-TELC-01-AST-0164,CSE-TELC-01,medium,domain_controller,True
CSE-TELC-01-AST-0165,CSE-TELC-01,low,database_server,True
CSE-TELC-01-AST-0166,CSE-TELC-01,medium,domain_controller,True
CSE-TELC-01-AST-0167,CSE-TELC-01,high,app_server,True
CSE-TELC-01-AST-0168,CSE-TELC-01,medium,scada_controller,True
CSE-TELC-01-AST-0169,CSE-TELC-01,medium,database_server,True
CSE-TELC-01-AST-0170,CSE-TELC-01,critical,scada_controller,True
CSE-TELC-01-AST-0171,CSE-TELC-01,medium,scada_controller,True
CSE-TELC-01-AST-0172,CSE-TELC-01,medium,firewall,True
CSE-TELC-01-AST-0173,CSE-TELC-01,critical,firewall,True
CSE-TELC-01-AST-0174,CSE-TELC-01,medium,app_server,True
CSE-TELC-01-AST-0175,CSE-TELC-01,critical,workstation,True
CSE-TELC-01-AST-0176,CSE-TELC-01,medium,domain_controller,True
CSE-TELC-01-AST-0177,CSE-TELC-01,medium,firewall,True
CSE-TELC-01-AST-0178,CSE-TELC-01,low,domain_controller,True
CSE-TELC-01-AST-0179,CSE-TELC-01,medium,database_server,True
CSE-TELC-01-AST-0180,CSE-TELC-01,medium,firewall,True
CSE-TELC-01-AST-0181,CSE-TELC-01,medium,database_server,True
CSE-TELC-01-AST-0182,CSE-TELC-01,low,scada_controller,True
CSE-TELC-01-AST-0183,CSE-TELC-01,medium,workstation,True
CSE-TELC-01-AST-0184,CSE-TELC-01,medium,scada_controller,True
CSE-TELC-01-AST-0185,CSE-TELC-01,medium,database_server,True
CSE-TELC-01-AST-0186,CSE-TELC-01,medium,database_server,True
CSE-TELC-01-AST-0187,CSE-TELC-01,medium,scada_controller,True
CSE-TELC-02-AST-0001,CSE-TELC-02,medium,scada_controller,True
CSE-TELC-02-AST-0002,CSE-TELC-02,low,app_server,True
CSE-TELC-02-AST-0003,CSE-TELC-02,medium,scada_controller,True
CSE-TELC-02-AST-0004,CSE-TELC-02,high,domain_controller,True
CSE-TELC-02-AST-0005,CSE-TELC-02,critical,scada_controller,True
CSE-TELC-02-AST-0006,CSE-TELC-02,medium,database_server,True
CSE-TELC-02-AST-0007,CSE-TELC-02,medium,scada_controller,True
CSE-TELC-02-AST-0008,CSE-TELC-02,critical,firewall,True
CSE-TELC-02-AST-0009,CSE-TELC-02,medium,workstation,True
CSE-TELC-02-AST-0010,CSE-TELC-02,low,database_server,True
CSE-TELC-02-AST-0011,CSE-TELC-02,high,app_server,True
CSE-TELC-02-AST-0012,CSE-TELC-02,high,scada_controller,True
CSE-TELC-02-AST-0013,CSE-TELC-02,medium,domain_controller,True
CSE-TELC-02-AST-0014,CSE-TELC-02,medium,app_server,True
CSE-TELC-02-AST-0015,CSE-TELC-02,high,domain_controller,True
CSE-TELC-02-AST-0016,CSE-TELC-02,medium,workstation,True
CSE-TELC-02-AST-0017,CSE-TELC-02,medium,app_server,True
CSE-TELC-02-AST-0018,CSE-TELC-02,low,workstation,True
CSE-TELC-02-AST-0019,CSE-TELC-02,high,firewall,True
CSE-TELC-02-AST-0020,CSE-TELC-02,high,domain_controller,True
CSE-TELC-02-AST-0021,CSE-TELC-02,high,scada_controller,True
CSE-TELC-02-AST-0022,CSE-TELC-02,low,scada_controller,True
CSE-TELC-02-AST-0023,CSE-TELC-02,low,database_server,True
CSE-TELC-02-AST-0024,CSE-TELC-02,medium,scada_controller,True
CSE-TELC-02-AST-0025,CSE-TELC-02,low,app_server,True
CSE-TELC-02-AST-0026,CSE-TELC-02,high,workstation,True
CSE-TELC-02-AST-0027,CSE-TELC-02,medium,firewall,True
CSE-TELC-02-AST-0028,CSE-TELC-02,high,firewall,True
CSE-TELC-02-AST-0029,CSE-TELC-02,medium,domain_controller,True
CSE-TELC-02-AST-0030,CSE-TELC-02,low,workstation,True
CSE-TELC-02-AST-0031,CSE-TELC-02,low,scada_controller,True
CSE-TELC-02-AST-0032,CSE-TELC-02,high,firewall,True
CSE-TELC-02-AST-0033,CSE-TELC-02,high,scada_controller,True
CSE-TELC-02-AST-0034,CSE-TELC-02,medium,scada_controller,True
CSE-TELC-02-AST-0035,CSE-TELC-02,medium,scada_controller,True
CSE-TELC-02-AST-0036,CSE-TELC-02,medium,scada_controller,True
CSE-TELC-02-AST-0037,CSE-TELC-02,medium,firewall,True
CSE-TELC-02-AST-0038,CSE-TELC-02,high,app_server,True
CSE-TELC-02-AST-0039,CSE-TELC-02,critical,app_server,True
CSE-TELC-02-AST-0040,CSE-TELC-02,low,domain_controller,True
CSE-TELC-02-AST-0041,CSE-TELC-02,medium,database_server,True
CSE-TELC-02-AST-0042,CSE-TELC-02,medium,domain_controller,True
CSE-TELC-02-AST-0043,CSE-TELC-02,medium,domain_controller,True
CSE-TELC-02-AST-0044,CSE-TELC-02,high,database_server,True
CSE-TELC-02-AST-0045,CSE-TELC-02,high,domain_controller,True
CSE-TELC-02-AST-0046,CSE-TELC-02,high,scada_controller,True
CSE-TELC-02-AST-0047,CSE-TELC-02,critical,database_server,True
CSE-TELC-02-AST-0048,CSE-TELC-02,medium,database_server,True
CSE-TELC-02-AST-0049,CSE-TELC-02,critical,database_server,True
CSE-TELC-02-AST-0050,CSE-TELC-02,high,workstation,True
CSE-TELC-02-AST-0051,CSE-TELC-02,medium,domain_controller,True
CSE-TELC-02-AST-0052,CSE-TELC-02,medium,app_server,True
CSE-TELC-02-AST-0053,CSE-TELC-02,critical,app_server,True
CSE-TELC-02-AST-0054,CSE-TELC-02,low,firewall,True
CSE-TELC-02-AST-0055,CSE-TELC-02,critical,scada_controller,True
CSE-TELC-02-AST-0056,CSE-TELC-02,low,domain_controller,True
CSE-TELC-02-AST-0057,CSE-TELC-02,medium,firewall,True
CSE-TELC-02-AST-0058,CSE-TELC-02,high,database_server,True
CSE-TELC-02-AST-0059,CSE-TELC-02,medium,database_server,True
CSE-TELC-02-AST-0060,CSE-TELC-02,medium,firewall,True
CSE-TELC-02-AST-0061,CSE-TELC-02,low,workstation,True
CSE-TELC-02-AST-0062,CSE-TELC-02,high,app_server,True
CSE-TELC-02-AST-0063,CSE-TELC-02,medium,firewall,True
CSE-TELC-02-AST-0064,CSE-TELC-02,high,app_server,True
CSE-TELC-02-AST-0065,CSE-TELC-02,critical,database_server,True
CSE-TELC-02-AST-0066,CSE-TELC-02,medium,app_server,True
CSE-TELC-02-AST-0067,CSE-TELC-02,critical,domain_controller,True
CSE-TELC-02-AST-0068,CSE-TELC-02,medium,app_server,True
CSE-TELC-02-AST-0069,CSE-TELC-02,medium,scada_controller,True
CSE-TELC-02-AST-0070,CSE-TELC-02,low,firewall,True
CSE-TELC-02-AST-0071,CSE-TELC-02,medium,database_server,True
CSE-TELC-02-AST-0072,CSE-TELC-02,medium,database_server,True
CSE-TELC-02-AST-0073,CSE-TELC-02,medium,firewall,True
CSE-TELC-02-AST-0074,CSE-TELC-02,critical,domain_controller,True
CSE-TELC-02-AST-0075,CSE-TELC-02,high,scada_controller,True
CSE-TELC-02-AST-0076,CSE-TELC-02,medium,app_server,True
CSE-TELC-02-AST-0077,CSE-TELC-02,high,database_server,True
CSE-TELC-02-AST-0078,CSE-TELC-02,low,firewall,True
CSE-TELC-02-AST-0079,CSE-TELC-02,high,scada_controller,True
CSE-TELC-02-AST-0080,CSE-TELC-02,critical,workstation,True
CSE-TELC-02-AST-0081,CSE-TELC-02,low,scada_controller,True
CSE-TELC-02-AST-0082,CSE-TELC-02,critical,workstation,True
CSE-TELC-02-AST-0083,CSE-TELC-02,medium,firewall,True
CSE-TELC-02-AST-0084,CSE-TELC-02,low,workstation,True
CSE-TELC-02-AST-0085,CSE-TELC-02,low,domain_controller,True
CSE-TELC-02-AST-0086,CSE-TELC-02,critical,scada_controller,True
CSE-TELC-02-AST-0087,CSE-TELC-02,low,database_server,True
CSE-TELC-02-AST-0088,CSE-TELC-02,medium,scada_controller,True
CSE-TELC-02-AST-0089,CSE-TELC-02,medium,scada_controller,True
CSE-TELC-02-AST-0090,CSE-TELC-02,high,scada_controller,True
CSE-TELC-02-AST-0091,CSE-TELC-02,medium,firewall,True
CSE-TELC-02-AST-0092,CSE-TELC-02,medium,database_server,True
CSE-TELC-02-AST-0093,CSE-TELC-02,low,scada_controller,True
CSE-TELC-02-AST-0094,CSE-TELC-02,medium,app_server,True
CSE-TELC-02-AST-0095,CSE-TELC-02,high,workstation,True
CSE-TELC-02-AST-0096,CSE-TELC-02,medium,workstation,True
CSE-TELC-02-AST-0097,CSE-TELC-02,high,workstation,True
CSE-TELC-02-AST-0098,CSE-TELC-02,high,domain_controller,True
CSE-TELC-02-AST-0099,CSE-TELC-02,medium,scada_controller,True
CSE-TELC-02-AST-0100,CSE-TELC-02,medium,workstation,True
CSE-TELC-02-AST-0101,CSE-TELC-02,high,workstation,True
CSE-TELC-02-AST-0102,CSE-TELC-02,high,workstation,True
CSE-TELC-02-AST-0103,CSE-TELC-02,low,firewall,True
CSE-TELC-02-AST-0104,CSE-TELC-02,medium,domain_controller,True
CSE-TELC-02-AST-0105,CSE-TELC-02,low,database_server,True
CSE-TELC-02-AST-0106,CSE-TELC-02,medium,domain_controller,True
CSE-TELC-02-AST-0107,CSE-TELC-02,low,scada_controller,True
CSE-TELC-02-AST-0108,CSE-TELC-02,critical,database_server,True
CSE-TELC-02-AST-0109,CSE-TELC-02,medium,workstation,True
CSE-TELC-02-AST-0110,CSE-TELC-02,critical,app_server,True
CSE-TELC-02-AST-0111,CSE-TELC-02,medium,firewall,True
CSE-TELC-02-AST-0112,CSE-TELC-02,high,firewall,True
CSE-TELC-02-AST-0113,CSE-TELC-02,high,database_server,True
CSE-TELC-02-AST-0114,CSE-TELC-02,medium,workstation,True
CSE-TELC-02-AST-0115,CSE-TELC-02,low,database_server,True
CSE-TELC-02-AST-0116,CSE-TELC-02,low,app_server,True
CSE-TELC-02-AST-0117,CSE-TELC-02,medium,domain_controller,True
CSE-TELC-02-AST-0118,CSE-TELC-02,low,database_server,True
CSE-TELC-02-AST-0119,CSE-TELC-02,medium,domain_controller,True
CSE-TELC-02-AST-0120,CSE-TELC-02,high,database_server,True
CSE-TELC-02-AST-0121,CSE-TELC-02,medium,database_server,True
CSE-TELC-02-AST-0122,CSE-TELC-02,high,database_server,True
CSE-TELC-02-AST-0123,CSE-TELC-02,critical,domain_controller,True
CSE-TELC-02-AST-0124,CSE-TELC-02,medium,app_server,True
CSE-TELC-02-AST-0125,CSE-TELC-02,medium,domain_controller,True
CSE-TELC-02-AST-0126,CSE-TELC-02,critical,domain_controller,True
CSE-TELC-02-AST-0127,CSE-TELC-02,medium,domain_controller,True
CSE-TELC-02-AST-0128,CSE-TELC-02,medium,app_server,True
CSE-TELC-02-AST-0129,CSE-TELC-02,critical,app_server,True
CSE-TELC-02-AST-0130,CSE-TELC-02,high,database_server,True
CSE-TELC-02-AST-0131,CSE-TELC-02,medium,domain_controller,True
CSE-TELC-02-AST-0132,CSE-TELC-02,low,app_server,True
CSE-TELC-02-AST-0133,CSE-TELC-02,high,workstation,True
CSE-TELC-02-AST-0134,CSE-TELC-02,medium,scada_controller,True
CSE-TELC-02-AST-0135,CSE-TELC-02,critical,scada_controller,True
CSE-TELC-02-AST-0136,CSE-TELC-02,high,scada_controller,True
CSE-TELC-02-AST-0137,CSE-TELC-02,medium,firewall,True
CSE-TELC-02-AST-0138,CSE-TELC-02,medium,database_server,True
CSE-TELC-02-AST-0139,CSE-TELC-02,low,domain_controller,True
CSE-TELC-02-AST-0140,CSE-TELC-02,medium,database_server,True
CSE-TELC-02-AST-0141,CSE-TELC-02,medium,workstation,True
CSE-TELC-02-AST-0142,CSE-TELC-02,medium,domain_controller,True
CSE-TELC-02-AST-0143,CSE-TELC-02,medium,domain_controller,True
CSE-TELC-02-AST-0144,CSE-TELC-02,low,workstation,True
CSE-TELC-02-AST-0145,CSE-TELC-02,critical,app_server,True
CSE-TELC-02-AST-0146,CSE-TELC-02,medium,app_server,True
CSE-TELC-02-AST-0147,CSE-TELC-02,critical,firewall,True
CSE-TELC-02-AST-0148,CSE-TELC-02,low,app_server,True
CSE-TELC-02-AST-0149,CSE-TELC-02,critical,database_server,True
CSE-TELC-02-AST-0150,CSE-TELC-02,low,app_server,True
CSE-TELC-02-AST-0151,CSE-TELC-02,high,database_server,True
CSE-TELC-02-AST-0152,CSE-TELC-02,low,app_server,True
CSE-TELC-02-AST-0153,CSE-TELC-02,medium,database_server,True
CSE-TELC-02-AST-0154,CSE-TELC-02,critical,database_server,True
CSE-TELC-02-AST-0155,CSE-TELC-02,low,workstation,True
CSE-TELC-02-AST-0156,CSE-TELC-02,medium,domain_controller,True
CSE-TELC-02-AST-0157,CSE-TELC-02,critical,scada_controller,True
CSE-TELC-02-AST-0158,CSE-TELC-02,low,app_server,True
CSE-TELC-02-AST-0159,CSE-TELC-02,medium,workstation,True
CSE-TELC-02-AST-0160,CSE-TELC-02,high,workstation,True
CSE-TELC-02-AST-0161,CSE-TELC-02,medium,firewall,True
CSE-TELC-02-AST-0162,CSE-TELC-02,medium,workstation,True
CSE-TELC-02-AST-0163,CSE-TELC-02,high,app_server,True
CSE-TELC-02-AST-0164,CSE-TELC-02,high,workstation,True
CSE-TELC-02-AST-0165,CSE-TELC-02,medium,workstation,True
CSE-TELC-02-AST-0166,CSE-TELC-02,high,workstation,True
CSE-TELC-02-AST-0167,CSE-TELC-02,high,domain_controller,True
CSE-TELC-02-AST-0168,CSE-TELC-02,high,database_server,True
CSE-TELC-02-AST-0169,CSE-TELC-02,high,firewall,True
CSE-TELC-02-AST-0170,CSE-TELC-02,high,firewall,True
CSE-TELC-02-AST-0171,CSE-TELC-02,medium,app_server,True
CSE-TELC-02-AST-0172,CSE-TELC-02,high,domain_controller,True
CSE-TELC-02-AST-0173,CSE-TELC-02,high,domain_controller,True
CSE-TELC-02-AST-0174,CSE-TELC-02,medium,firewall,True
CSE-TELC-02-AST-0175,CSE-TELC-02,high,database_server,True
CSE-TELC-02-AST-0176,CSE-TELC-02,medium,workstation,True
CSE-TELC-02-AST-0177,CSE-TELC-02,high,database_server,True
CSE-TELC-02-AST-0178,CSE-TELC-02,high,workstation,True
CSE-TELC-02-AST-0179,CSE-TELC-02,critical,scada_controller,True
CSE-TELC-02-AST-0180,CSE-TELC-02,critical,app_server,True
CSE-TELC-02-AST-0181,CSE-TELC-02,high,firewall,True
CSE-TELC-02-AST-0182,CSE-TELC-02,critical,firewall,True
CSE-TELC-02-AST-0183,CSE-TELC-02,low,workstation,True
CSE-TELC-02-AST-0184,CSE-TELC-02,medium,workstation,True
CSE-TELC-02-AST-0185,CSE-TELC-02,medium,app_server,True
CSE-TELC-02-AST-0186,CSE-TELC-02,low,firewall,True
CSE-TELC-02-AST-0187,CSE-TELC-02,high,scada_controller,True
CSE-TELC-02-AST-0188,CSE-TELC-02,medium,database_server,True
CSE-TELC-02-AST-0189,CSE-TELC-02,medium,firewall,True
CSE-TELC-02-AST-0190,CSE-TELC-02,medium,domain_controller,True
CSE-TELC-02-AST-0191,CSE-TELC-02,critical,database_server,True
CSE-TELC-02-AST-0192,CSE-TELC-02,high,workstation,True
CSE-TELC-02-AST-0193,CSE-TELC-02,critical,workstation,True
CSE-TELC-02-AST-0194,CSE-TELC-02,high,database_server,True
CSE-TELC-02-AST-0195,CSE-TELC-02,high,firewall,True
CSE-TELC-02-AST-0196,CSE-TELC-02,high,database_server,True
CSE-TELC-03-AST-0001,CSE-TELC-03,high,domain_controller,True
CSE-TELC-03-AST-0002,CSE-TELC-03,high,workstation,True
CSE-TELC-03-AST-0003,CSE-TELC-03,high,app_server,True
CSE-TELC-03-AST-0004,CSE-TELC-03,critical,scada_controller,True
CSE-TELC-03-AST-0005,CSE-TELC-03,high,database_server,True
CSE-TELC-03-AST-0006,CSE-TELC-03,medium,scada_controller,True
CSE-TELC-03-AST-0007,CSE-TELC-03,low,workstation,True
CSE-TELC-03-AST-0008,CSE-TELC-03,medium,firewall,True
CSE-TELC-03-AST-0009,CSE-TELC-03,high,scada_controller,True
CSE-TELC-03-AST-0010,CSE-TELC-03,medium,database_server,True
CSE-TELC-03-AST-0011,CSE-TELC-03,low,firewall,True
CSE-TELC-03-AST-0012,CSE-TELC-03,low,domain_controller,True
CSE-TELC-03-AST-0013,CSE-TELC-03,medium,app_server,True
CSE-TELC-03-AST-0014,CSE-TELC-03,low,firewall,True
CSE-TELC-03-AST-0015,CSE-TELC-03,low,domain_controller,True
CSE-TELC-03-AST-0016,CSE-TELC-03,critical,workstation,True
CSE-TELC-03-AST-0017,CSE-TELC-03,medium,workstation,True
CSE-TELC-03-AST-0018,CSE-TELC-03,critical,domain_controller,True
CSE-TELC-03-AST-0019,CSE-TELC-03,critical,scada_controller,True
CSE-TELC-03-AST-0020,CSE-TELC-03,medium,firewall,True
CSE-TELC-03-AST-0021,CSE-TELC-03,medium,firewall,True
CSE-TELC-03-AST-0022,CSE-TELC-03,low,app_server,True
CSE-TELC-03-AST-0023,CSE-TELC-03,high,database_server,True
CSE-TELC-03-AST-0024,CSE-TELC-03,medium,workstation,True
CSE-TELC-03-AST-0025,CSE-TELC-03,medium,database_server,True
CSE-TELC-03-AST-0026,CSE-TELC-03,high,workstation,True
CSE-TELC-03-AST-0027,CSE-TELC-03,medium,app_server,True
CSE-TELC-03-AST-0028,CSE-TELC-03,low,domain_controller,True
CSE-TELC-03-AST-0029,CSE-TELC-03,low,domain_controller,True
CSE-TELC-03-AST-0030,CSE-TELC-03,medium,firewall,True
CSE-TELC-03-AST-0031,CSE-TELC-03,medium,domain_controller,True
CSE-TELC-03-AST-0032,CSE-TELC-03,medium,app_server,True
CSE-TELC-03-AST-0033,CSE-TELC-03,medium,domain_controller,True
CSE-TELC-03-AST-0034,CSE-TELC-03,high,firewall,True
CSE-TELC-03-AST-0035,CSE-TELC-03,medium,app_server,True
CSE-TELC-03-AST-0036,CSE-TELC-03,medium,app_server,True
CSE-TELC-03-AST-0037,CSE-TELC-03,high,firewall,True
CSE-TELC-03-AST-0038,CSE-TELC-03,low,database_server,True
CSE-TELC-03-AST-0039,CSE-TELC-03,low,firewall,True
CSE-TELC-03-AST-0040,CSE-TELC-03,low,database_server,True
CSE-TELC-03-AST-0041,CSE-TELC-03,medium,database_server,True
CSE-TELC-03-AST-0042,CSE-TELC-03,high,domain_controller,True
CSE-TELC-03-AST-0043,CSE-TELC-03,medium,firewall,True
CSE-TELC-03-AST-0044,CSE-TELC-03,high,database_server,True
CSE-TELC-03-AST-0045,CSE-TELC-03,critical,workstation,True
CSE-TELC-03-AST-0046,CSE-TELC-03,medium,app_server,True
CSE-TELC-03-AST-0047,CSE-TELC-03,critical,firewall,True
CSE-TELC-03-AST-0048,CSE-TELC-03,medium,domain_controller,True
CSE-TELC-03-AST-0049,CSE-TELC-03,critical,firewall,True
CSE-TELC-03-AST-0050,CSE-TELC-03,medium,domain_controller,True
CSE-TELC-03-AST-0051,CSE-TELC-03,medium,domain_controller,True
CSE-TELC-03-AST-0052,CSE-TELC-03,critical,app_server,True
CSE-TELC-03-AST-0053,CSE-TELC-03,low,workstation,True
CSE-TELC-03-AST-0054,CSE-TELC-03,high,domain_controller,True
CSE-TELC-03-AST-0055,CSE-TELC-03,medium,domain_controller,True
CSE-TELC-03-AST-0056,CSE-TELC-03,medium,app_server,True
CSE-TELC-03-AST-0057,CSE-TELC-03,high,app_server,True
CSE-TELC-03-AST-0058,CSE-TELC-03,critical,firewall,True
CSE-TELC-03-AST-0059,CSE-TELC-03,medium,workstation,True
CSE-TELC-03-AST-0060,CSE-TELC-03,low,domain_controller,True
CSE-TELC-03-AST-0061,CSE-TELC-03,low,app_server,True
CSE-TELC-03-AST-0062,CSE-TELC-03,critical,workstation,True
CSE-TELC-03-AST-0063,CSE-TELC-03,low,database_server,True
CSE-TELC-03-AST-0064,CSE-TELC-03,low,app_server,True
CSE-TELC-03-AST-0065,CSE-TELC-03,high,domain_controller,True
CSE-TELC-03-AST-0066,CSE-TELC-03,medium,firewall,True
CSE-TELC-03-AST-0067,CSE-TELC-03,high,app_server,True
CSE-TELC-03-AST-0068,CSE-TELC-03,low,workstation,True
CSE-TELC-03-AST-0069,CSE-TELC-03,medium,domain_controller,True
CSE-TELC-03-AST-0070,CSE-TELC-03,critical,scada_controller,True
CSE-TELC-03-AST-0071,CSE-TELC-03,medium,database_server,True
CSE-TELC-03-AST-0072,CSE-TELC-03,high,scada_controller,True
CSE-TELC-03-AST-0073,CSE-TELC-03,critical,scada_controller,True
CSE-TELC-03-AST-0074,CSE-TELC-03,low,workstation,True
CSE-TELC-03-AST-0075,CSE-TELC-03,low,firewall,True
CSE-TELC-03-AST-0076,CSE-TELC-03,critical,workstation,True
CSE-TELC-03-AST-0077,CSE-TELC-03,high,domain_controller,True
CSE-TELC-03-AST-0078,CSE-TELC-03,medium,app_server,True
CSE-TELC-03-AST-0079,CSE-TELC-03,critical,domain_controller,True
CSE-TELC-03-AST-0080,CSE-TELC-03,high,scada_controller,True
CSE-TELC-03-AST-0081,CSE-TELC-03,high,domain_controller,True
CSE-TELC-03-AST-0082,CSE-TELC-03,high,firewall,True
CSE-TELC-03-AST-0083,CSE-TELC-03,medium,domain_controller,True
CSE-TELC-03-AST-0084,CSE-TELC-03,high,domain_controller,True
CSE-TELC-03-AST-0085,CSE-TELC-03,medium,app_server,True
CSE-TELC-03-AST-0086,CSE-TELC-03,medium,database_server,True
CSE-TELC-03-AST-0087,CSE-TELC-03,medium,app_server,True
CSE-TELC-03-AST-0088,CSE-TELC-03,low,domain_controller,True
CSE-TELC-03-AST-0089,CSE-TELC-03,low,scada_controller,True
CSE-TELC-03-AST-0090,CSE-TELC-03,medium,app_server,True
CSE-TELC-04-AST-0001,CSE-TELC-04,medium,workstation,True
CSE-TELC-04-AST-0002,CSE-TELC-04,low,firewall,True
CSE-TELC-04-AST-0003,CSE-TELC-04,medium,database_server,True
CSE-TELC-04-AST-0004,CSE-TELC-04,medium,database_server,True
CSE-TELC-04-AST-0005,CSE-TELC-04,critical,firewall,True
CSE-TELC-04-AST-0006,CSE-TELC-04,medium,firewall,True
CSE-TELC-04-AST-0007,CSE-TELC-04,medium,workstation,True
CSE-TELC-04-AST-0008,CSE-TELC-04,medium,workstation,True
CSE-TELC-04-AST-0009,CSE-TELC-04,medium,app_server,True
CSE-TELC-04-AST-0010,CSE-TELC-04,low,firewall,True
CSE-TELC-04-AST-0011,CSE-TELC-04,low,database_server,True
CSE-TELC-04-AST-0012,CSE-TELC-04,medium,database_server,True
CSE-TELC-04-AST-0013,CSE-TELC-04,high,database_server,True
CSE-TELC-04-AST-0014,CSE-TELC-04,medium,workstation,True
CSE-TELC-04-AST-0015,CSE-TELC-04,medium,database_server,True
CSE-TELC-04-AST-0016,CSE-TELC-04,high,domain_controller,True
CSE-TELC-04-AST-0017,CSE-TELC-04,medium,domain_controller,True
CSE-TELC-04-AST-0018,CSE-TELC-04,critical,domain_controller,True
CSE-TELC-04-AST-0019,CSE-TELC-04,low,firewall,True
CSE-TELC-04-AST-0020,CSE-TELC-04,high,firewall,True
CSE-TELC-04-AST-0021,CSE-TELC-04,high,domain_controller,True
CSE-TELC-04-AST-0022,CSE-TELC-04,medium,workstation,True
CSE-TELC-04-AST-0023,CSE-TELC-04,medium,domain_controller,True
CSE-TELC-04-AST-0024,CSE-TELC-04,high,domain_controller,True
CSE-TELC-04-AST-0025,CSE-TELC-04,critical,database_server,True
CSE-TELC-04-AST-0026,CSE-TELC-04,critical,firewall,True
CSE-TELC-04-AST-0027,CSE-TELC-04,critical,workstation,True
CSE-TELC-04-AST-0028,CSE-TELC-04,low,firewall,True
CSE-TELC-04-AST-0029,CSE-TELC-04,medium,domain_controller,True
CSE-TELC-04-AST-0030,CSE-TELC-04,medium,app_server,True
CSE-TELC-04-AST-0031,CSE-TELC-04,medium,database_server,True
CSE-TELC-04-AST-0032,CSE-TELC-04,medium,domain_controller,True
CSE-TELC-04-AST-0033,CSE-TELC-04,medium,domain_controller,True
CSE-TELC-04-AST-0034,CSE-TELC-04,low,scada_controller,True
CSE-TELC-04-AST-0035,CSE-TELC-04,low,firewall,True
CSE-TELC-04-AST-0036,CSE-TELC-04,high,database_server,True
CSE-TELC-04-AST-0037,CSE-TELC-04,high,firewall,True
CSE-TELC-04-AST-0038,CSE-TELC-04,high,app_server,True
CSE-TELC-04-AST-0039,CSE-TELC-04,high,database_server,True
CSE-TELC-04-AST-0040,CSE-TELC-04,medium,firewall,True
CSE-TELC-04-AST-0041,CSE-TELC-04,low,workstation,True
