entity_id,sector,size_band,soc_model,claimed_mttc_min,claimed_coverage_pct,claimed_fp_rate_pct,claimed_escalation_pct
CSE-BANK-01,banking,Tier-1,in-house,103.1,100.0,42.4,49.5
CSE-BANK-02,banking,Tier-1,in-house,1.1,100.0,16.8,22.3
CSE-BANK-03,banking,Tier-2,hybrid,44.4,100.0,16.0,74.7
CSE-BANK-04,banking,Tier-3,outsourced,24.1,100.0,10.3,70.4
CSE-ENGY-01,energy,Tier-1,in-house,95.2,100.0,41.4,50.0
CSE-ENGY-02,energy,Tier-1,in-house,36.9,100.0,18.3,72.6
CSE-ENGY-03,energy,Tier-2,hybrid,55.9,100.0,17.7,76.4
CSE-ENGY-04,energy,Tier-3,outsourced,44.8,100.0,26.1,60.7
CSE-TELC-01,telecom,Tier-1,in-house,103.8,97.7,41.9,50.7
CSE-TELC-02,telecom,Tier-1,in-house,47.9,100.0,18.0,57.9
CSE-TELC-03,telecom,Tier-2,hybrid,6.6,100.0,11.5,64.9
CSE-TELC-04,telecom,Tier-3,outsourced,106.0,97.2,41.8,50.9
